name,id,group,habitat,movement,metabolism,mass.g,mass.reference
Detritus,1,Non-living,Non-living,NA,detritus,-999.00000000000000,Jacob_etal_2011
Phytoplankton,2,Phytoplankton,Pelagic,sessile,primary producer,0.00000000000568,Jacob_etal_2011
Fish,3,Fish,Demersal,swimming,ectotherm vertebrate,1299.00000000000000,Jacob_etal_2011
Holothuria_sp,4,Echinodermata,Benthic,walking,invertebrate,3.16000000000000,Gutt_etal_1991
Octopoda,5,Cephalopoda,Pelagic,swimming,invertebrate,16.15000000000000,Jacob_etal_2011
Polychaeta,6,Polychaeta,Benthic,walking,invertebrate,499.60000000000000,Jacob_etal_2011
Bacillariophyta,7,Phytoplankton,Pelagic,sessile,primary producer,0.00000000000568,Jacob_etal_2011
Crustacea,8,Crustacea,Benthopelagic,swimming,invertebrate,834.06000000000000,Jacob_etal_2011
Euphausia_superba,9,Euphausia,Pelagic,swimming,invertebrate,5.50000000000000,Jacob_etal_2011
Copepoda,10,Crustacea,Benthopelagic,swimming,invertebrate,214.03000000000000,Jacob_etal_2011
Porifera,11,Porifera,Benthic,sessile,invertebrate,412.40000000000000,Jacob_etal_2011
Haliclona_dancoi,12,Porifera,Benthic,sessile,invertebrate,5.60000000000000,Jacob_etal_2011
Homaxinella_balfourensis,13,Porifera,Benthic,sessile,invertebrate,2.30000000000000,Jacob_etal_2011
Kirkpatrickia_variolosa,14,Porifera,Benthic,sessile,invertebrate,45.00000000000000,Jacob_etal_2011
Mycale_acerata,15,Porifera,Benthic,sessile,invertebrate,12.00000000000000,Jacob_etal_2011
Rossella_racovitzae,16,Porifera,Benthic,sessile,invertebrate,45.00000000000000,Jacob_etal_2011
Scolymastra_joubini,17,Porifera,Benthic,sessile,invertebrate,720.00000000000000,Jacob_etal_2011
Tetilla_leptoderma,18,Porifera,Benthic,sessile,invertebrate,30.00000000000000,Jacob_etal_2011
Amphipoda,19,Crustacea,Benthopelagic,swimming,invertebrate,593.20000000000000,Jacob_etal_2011
Cumacea,20,Crustacea,Benthopelagic,swimming,invertebrate,1.75000000000000,Jacob_etal_2011
Isopoda,21,Crustacea,Benthopelagic,walking,invertebrate,4073.33000000000000,Jacob_etal_2011
Mysida,22,Crustacea,Benthopelagic,swimming,invertebrate,13.00000000000000,"Antarctomysis_maxima, from Jacob_etal_2011"
Nanoplankton,23,Phytoplankton,Pelagic,sessile,primary producer,0.00000000000033,"Parvicorbicula_socialis, from Jacob_etal_2011"
Ophiuroidea,24,Echinodermata,Benthic,walking,invertebrate,0.12900000000000,Jacob_etal_2011
Pleuragramma_antarcticum,25,Fish,Demersal,swimming,ectotherm vertebrate,300.00000000000000,Jacob_etal_2011
Psychroteuthis_glacialis,26,Cephalopoda,Pelagic,swimming,invertebrate,770.00000000000000,Jacob_etal_2011
Cyclocardia_astartoides,27,Bivalvia,Benthic,walking,invertebrate,0.00003000000000,Jacob_etal_2011
Philobrya_sublaevis,28,Bivalvia,Benthic,walking,invertebrate,0.00056000000000,Jacob_etal_2011
Trophon_longstaffi,29,Gastropoda,Benthic,walking,invertebrate,0.00026000000000,Jacob_etal_2011
Bryozoa,30,Bryozoa,Benthic,sessile,invertebrate,4.62000000000000,Jacob_etal_2011
Ctenophora,31,Miscellaneous,Pelagic,swimming,invertebrate,0.19000000000000,"Lyrocteis_flavopallidus, from Jacob_etal_2011"
Gastropoda,32,Gastropoda,Benthic,walking,invertebrate,0.31297488888889,Jacob_etal_2011
Zooplankton,33,Zooplankton,Pelagic,swimming,invertebrate,0.02862857142858,Jacob_etal_2011
Salpa_thompsoni,34,Salpida,Pelagic,swimming,invertebrate,0.14000000000000,Jacob_etal_2011
Sediment,35,Non-living,Non-living,NA,other,-999.00000000000000,Jacob_etal_2011
Bacteria,36,Miscellaneous,Benthic,sessile,invertebrate,0.00000000000002,"Fragilariopsis_sp, from Jacob_etal_2011"
Foraminifera,37,Miscellaneous,Benthic,sessile,invertebrate,0.00000000120000,"Cassidulinoides_parkerianus , from Jacob_etal_2011"
Hydrozoa,38,Cnidaria,Benthic,swimming,invertebrate,1.06745714285714,Jacob_etal_2011
Electrona_antarctica,39,Fish,Pelagic,swimming,ectotherm vertebrate,39.00000000000000,Jacob_etal_2011
Galiteuthis_glacialis,40,Cephalopoda,Pelagic,swimming,invertebrate,1800.00000000000000,Jacob_etal_2011
Gonatus_antarcticus,41,Cephalopoda,Pelagic,swimming,invertebrate,850.00000000000000,Jacob_etal_2011
Gymnoscopelus_braueri,42,Fish,Pelagic,swimming,ectotherm vertebrate,25.00000000000000,Jacob_etal_2011
Gymnoscopelus_opisthopterus,43,Fish,Pelagic,swimming,ectotherm vertebrate,36.00000000000000,Jacob_etal_2011
Kondakovia_longimana,44,Cephalopoda,Pelagic,swimming,invertebrate,330.00000000000000,Jacob_etal_2011
Notolepis_coatsi,45,Fish,Pelagic,swimming,ectotherm vertebrate,3.10000000000000,Jacob_etal_2011
Protomyctophum_bolini,46,Fish,Pelagic,swimming,ectotherm vertebrate,5.60000000000000,Jacob_etal_2011
Thysanoessa_macrura,47,Crustacea,Pelagic,swimming,invertebrate,0.15000000000000,Jacob_etal_2011
Chaenodraco_wilsoni,48,Fish,Benthopelagic,swimming,ectotherm vertebrate,210.00000000000000,Jacob_etal_2011
Chionodraco_sp,49,Fish,Demersal,swimming,ectotherm vertebrate,107.80000000000000,Jacob_etal_2011
Dissostichus_mawsoni,50,Fish,Pelagic,swimming,ectotherm vertebrate,24000.00000000000000,Jacob_etal_2011
Euphausiacea,51,Crustacea,Benthopelagic,swimming,invertebrate,0.07500000000000,Jacob_etal_2011
Gymnoscopelus_nicholsi,52,Fish,Pelagic,swimming,ectotherm vertebrate,110.00000000000000,Jacob_etal_2011
Myctophidae,53,Fish,Pelagic,swimming,ectotherm vertebrate,26.40000000000000,Jacob_etal_2011
Nematoda,54,Miscellaneous,Benthic,sessile,invertebrate,0.00000012000000,Vanhove_etal_1995
Nototheniidae,55,Fish,Demersal,swimming,ectotherm vertebrate,2878.69000000000000,Jacob_etal_2011
Pygoscelis_adeliae,56,Aves,Land-based,swimming,endotherm vertebrate,880.00000000000000,Jacob_etal_2011
Trematomus_eulepidotus,57,Fish,Benthopelagic,swimming,ectotherm vertebrate,480.00000000000000,Jacob_etal_2011
Actinaria,58,Cnidaria,Benthic,sessile,invertebrate,645.05000000000000,Jacob_etal_2011
Tanaidacea,59,Crustacea,Benthopelagic,swimming,invertebrate,240.03500000000000,Jacob_etal_2011
Cyllopus_lucasii,60,Crustacea,Benthopelagic,swimming,invertebrate,0.32000000000000,Jacob_etal_2011
Epimeria_macrodonta,61,Crustacea,Benthopelagic,swimming,invertebrate,1.30000000000000,Jacob_etal_2011
Epimeria_robusta,62,Crustacea,Benthopelagic,swimming,invertebrate,1.90000000000000,Jacob_etal_2011
Eunoe_spica,63,Polychaeta,Benthic,walking,invertebrate,4.20000000000000,Jacob_etal_2011
Gnathia_calva,64,Crustacea,Benthopelagic,walking,invertebrate,0.01600000000000,Jacob_etal_2011
Iphimediella_cyclogena,65,Crustacea,Benthopelagic,walking,invertebrate,0.81000000000000,Jacob_etal_2011
Liljeborgia_georgiana,66,Crustacea,Benthopelagic,swimming,invertebrate,0.59000000000000,Jacob_etal_2011
Natatolana_obtusata,67,Crustacea,Benthic,walking,invertebrate,0.03100000000000,Jacob_etal_2011
Ostracoda,68,Crustacea,Benthic,sessile,invertebrate,0.00044000000000,Jacob_etal_2011
Pantopoda,69,Miscellaneous,Benthic,walking,invertebrate,0.00034000000000,"Pentanymphon_antarcticum , from Jacob_etal_2011"
Anthozoa,70,Cnidaria,Benthic,sessile,invertebrate,645.05122222222200,Jacob_etal_2011
Urticinopsis_antarctica,71,Cnidaria,Benthic,sessile,invertebrate,2.30000000000000,Jacob_etal_2011
Coelenterata,72,Miscellaneous,Pelagic,sessile,invertebrate,314.83792277537300,Jacob_etal_2011
Euchaeta_antarctica,73,Crustacea,Benthopelagic,swimming,invertebrate,0.00000000000729,Jacob_etal_2011
Bivalvia,74,Bivalvia,Benthic,walking,invertebrate,0.11759375000000,Jacob_etal_2011
Calanoides_acutus,75,Crustacea,Benthopelagic,swimming,invertebrate,0.00550000000000,Jacob_etal_2011
Calanus_propinquus,76,Crustacea,Benthopelagic,swimming,invertebrate,0.00570000000000,Jacob_etal_2011
Cnidaria,77,Cnidaria,Benthic,sessile,invertebrate,328.51826724386700,Jacob_etal_2011
Echinoidea,78,Echinodermata,Benthic,walking,invertebrate,6.02230769230769,Jacob_etal_2011
Eukrohnia_hamata,79,Zooplankton,Pelagic,swimming,invertebrate,0.00520000000000,Jacob_etal_2011
SilicioZooplankton,80,Zooplankton,Pelagic,sessile,invertebrate,0.00000000000003,Jacob_etal_2011
Champsocephalus_gunnari,81,Fish,Pelagic,swimming,ectotherm vertebrate,2200.00000000000000,Jacob_etal_2011
Squid,82,Cephalopoda,Pelagic,swimming,invertebrate,10532.14090909090000,Jacob_etal_2011
Adamussium_colbecki,83,Bivalvia,Benthic,walking,invertebrate,1600.00000000000000,Stockton_1984
Asteroidea,84,Echinodermata,Benthic,walking,invertebrate,9.03205555555556,Jacob_etal_2011
Limacina_helicina,85,Gastropoda,Benthic,swimming,invertebrate,0.00009400000000,Jacob_etal_2011
Metridia_gerlachei,86,Crustacea,Pelagic,swimming,invertebrate,0.00230000000000,Jacob_etal_2011
Oithona_sp,87,Crustacea,Benthopelagic,swimming,invertebrate,1.54000000000000,Mayzaud_etal2002
Oncaea_sp,88,Crustacea,Benthopelagic,swimming,invertebrate,10.00000000000000,"Oncaea_antarctica, from Mayzaud_etal_2002"
Pelagobia_longicirrata,89,Polychaeta,Benthic,walking,invertebrate,0.00190000000000,Jacob_etal_2011
Sagitta_marri,90,Zooplankton,Pelagic,swimming,invertebrate,0.00130000000000,Jacob_etal_2011
Waldeckia_obesa,91,Crustacea,Benthopelagic,swimming,invertebrate,1.30000000000000,Jacob_etal_2011
Tintinnidae,92,Zooplankton,Pelagic,sessile,invertebrate,0.00000000000003,"SilicioZooplankton, from Jacob_etal_2011"
Barrukia_cristata,93,Polychaeta,Benthic,walking,invertebrate,3.90000000000000,Jacob_etal_2011
Corethron_sp,94,Phytoplankton,Pelagic,sessile,primary producer,0.00000000000401,Jacob_etal_2011
Eucranta_mollis,95,Polychaeta,Benthic,walking,invertebrate,4.70000000000000,Jacob_etal_2011
Eulagisca_gigantea,96,Polychaeta,Benthic,walking,invertebrate,200.00000000000000,Jacob_etal_2011
Laetmonice_producta,97,Polychaeta,Benthic,walking,invertebrate,110.00000000000000,Jacob_etal_2011
Taeniogyrus_contortus,98,Echinodermata,Benthic,walking,invertebrate,0.08500000000000,Jacob_etal_2011
Yoldia_eightsi,99,Bivalvia,Benthic,walking,invertebrate,0.02300000000000,Jacob_etal_2011
Clione_antarctica,100,Gastropoda,Benthic,swimming,invertebrate,0.10000000000000,Jacob_etal_2011
Decapoda,101,Miscellaneous,Benthic,swimming,invertebrate,0.59333333333333,Jacob_etal_2011
Euphausia_crystallorophias,102,Euphausia,Pelagic,swimming,invertebrate,1.20000000000000,Jacob_etal_2011
Pteropoda,103,Gastropoda,Benthic,swimming,invertebrate,0.02623760000000,Jacob_etal_2011
Scaphopoda,104,Miscellaneous,Benthic,sessile,invertebrate,720.00000000000000,Jacob_etal_2011
Notocrangon_antarcticus,105,Crustacea,Benthic,swimming,invertebrate,0.37000000000000,Jacob_etal_2011
Vibilia_antarctica,106,Crustacea,Pelagic,swimming,invertebrate,0.00011000000000,Jacob_etal_2011
Vibilia_stebbingi,107,Crustacea,Pelagic,swimming,invertebrate,0.00011000000000,Jacob_etal_2011
Nemertini,108,Miscellaneous,Benthic,walking,invertebrate,5800.00000000000000,"Parborlasia_corrugatus, from Jacob_etal_2011"
Odontaster_validus,109,Echinodermata,Benthic,walking,invertebrate,0.57000000000000,Jacob_etal_2011
Bathylagus_antarcticus,110,Fish,Pelagic,swimming,ectotherm vertebrate,27.00000000000000,Jacob_etal_2011
Harpagifer_antarcticus,111,Fish,Demersal,swimming,ectotherm vertebrate,36.00000000000000,Jacob_etal_2011
Macrourus_whitsoni,112,Fish,Benthopelagic,swimming,ectotherm vertebrate,5100.00000000000000,Jacob_etal_2011
Moroteuthis_ingens,113,Cephalopoda,Pelagic,swimming,invertebrate,850.00000000000000,Jacob_etal_2011
Vampyroteuthis,114,Cephalopoda,Pelagic,swimming,invertebrate,862.25000000000000,Jacob_etal_2011
Calyx_arcuarius,115,Porifera,Benthic,sessile,invertebrate,2.30000000000000,Jacob_etal_2011
Haliclona_tenella,116,Porifera,Benthic,sessile,invertebrate,5.60000000000000,Jacob_etal_2011
Isodyctia_setifera,117,Porifera,Benthic,sessile,invertebrate,5.60000000000000,Jacob_etal_2011
Polymastia_invaginata,118,Porifera,Benthic,sessile,invertebrate,0.92000000000000,Jacob_etal_2011
Rossella_nuda,119,Porifera,Benthic,sessile,invertebrate,300.00000000000000,Jacob_etal_2011
Euphausia_frigida,120,Euphausia,Pelagic,swimming,invertebrate,0.17000000000000,Jacob_etal_2011
Rhincalanus_gigas,121,Crustacea,Pelagic,swimming,invertebrate,0.02000000000000,Jacob_etal_2011
Clavularia_sp,122,Cnidaria,Benthic,sessile,invertebrate,0.08500000000000,Jacob_etal_2011
Crinoidea,123,Echinodermata,Benthic,walking,invertebrate,98.00000000000000,Jacob_etal_2011
Chaetoceros_sp,124,Phytoplankton,Pelagic,sessile,primary producer,0.00000000000131,Jacob_etal_2011
Distephanus_sp,125,Phytoplankton,Pelagic,sessile,primary producer,0.00000000000698,"Dictyocha_speculum, from Jacob_etal_2011"
Entomoneis_sp,126,Phytoplankton,Pelagic,sessile,primary producer,0.00000000000568,Jacob_etal_2011
Fragilariopsis_sp,127,Phytoplankton,Pelagic,sessile,primary producer,0.00000000000002,Jacob_etal_2011
Nitzschia_sp,128,Phytoplankton,Pelagic,sessile,primary producer,0.00000000001740,Jacob_etal_2011
Eurythenes_gryllus,129,Crustacea,Benthopelagic,swimming,invertebrate,50.00000000000000,Jacob_etal_2011
Glyptonotus_antarcticus,130,Crustacea,Benthopelagic,walking,invertebrate,50.00000000000000,Jacob_etal_2011
Brachiopoda,131,Miscellaneous,Benthic,sessile,invertebrate,0.05640000000000,Jacob_etal_2011
Clio_pyramidata,132,Gastropoda,Benthic,swimming,invertebrate,0.01700000000000,Jacob_etal_2011
Chaetognatha,133,Zooplankton,Pelagic,swimming,invertebrate,0.00260000000000,Jacob_etal_2011
Chiton,134,Miscellaneous,Benthic,walking,invertebrate,0.14533000000000,Jacob_etal_2011
Djerboa_furcipes,135,Crustacea,Benthopelagic,walking,invertebrate,0.03100000000000,Jacob_etal_2011
Natatolana_meridionalis,136,Crustacea,Benthic,walking,invertebrate,0.03100000000000,Jacob_etal_2011
Oradarea_edentata,137,Crustacea,Benthopelagic,walking,invertebrate,0.03100000000000,Jacob_etal_2011
Scyphozoa,138,Cnidaria,Benthic,swimming,invertebrate,41.10000000000000,Jacob_etal_2011
Aethotaxis_mitopteryx,139,Fish,Benthopelagic,swimming,ectotherm vertebrate,49.00000000000000,Jacob_etal_2011
Trematomus_hansoni,140,Fish,Benthopelagic,swimming,ectotherm vertebrate,300.00000000000000,Jacob_etal_2011
Martialia_hyadesi,141,Cephalopoda,Pelagic,swimming,invertebrate,330.00000000000000,Jacob_etal_2011
Sterechinus_neumayeri,142,Echinodermata,Benthic,walking,invertebrate,2.90000000000000,Jacob_etal_2011
Cnemidocarpa_verrucosa,143,Ascidiacea,Benthic,sessile,invertebrate,15.00000000000000,Jacob_etal_2011
Chionodraco_hamatus,144,Fish,Demersal,swimming,ectotherm vertebrate,1100.00000000000000,Jacob_etal_2011
Alluroteuthis_antarcticus,145,Cephalopoda,Pelagic,swimming,invertebrate,29.00000000000000,Jacob_etal_2011
Mesonychoteuthis_hamiltoni,146,Cephalopoda,Pelagic,swimming,invertebrate,110000.00000000000000,Jacob_etal_2011
Trematomus_pennellii,147,Fish,Demersal,swimming,ectotherm vertebrate,300.00000000000000,Jacob_etal_2011
Trematomus_scotti,148,Fish,Demersal,swimming,ectotherm vertebrate,95.00000000000000,Jacob_etal_2011
Laternula_elliptica,149,Bivalvia,Benthic,walking,invertebrate,0.55000000000000,Jacob_etal_2011
Clavularia_frankliniana,150,Cnidaria,Benthic,sessile,invertebrate,0.08500000000000,Jacob_etal_2011
Tubularia,151,Cnidaria,Benthic,sessile,invertebrate,0.02900000000000,Jacob_etal_2011
Chorismus_antarcticus,152,Miscellaneous,Benthic,swimming,invertebrate,0.21000000000000,Jacob_etal_2011
Ophiacantha_sp,153,Echinodermata,Benthic,walking,invertebrate,0.06700000000000,"Ophiacantha_antarctica, from Jacob_etal_2011"
Ophiocten_sp,154,Echinodermata,Benthic,walking,invertebrate,3.00000000000000,Ravelo_etal_2017
Ophionotus_victoriae,155,Echinodermata,Benthic,walking,invertebrate,1.90000000000000,Jacob_etal_2011
Ophiosparte_gigas,156,Echinodermata,Benthic,walking,invertebrate,7.50000000000000,Jacob_etal_2011
Ophiurolepis_gelida,157,Echinodermata,Benthic,walking,invertebrate,0.28000000000000,Jacob_etal_2011
Promachocrinus_kerguelensis,158,Echinodermata,Benthic,walking,invertebrate,98.00000000000000,Jacob_etal_2011
Arctocephalus_gazella ,159,Pinnipedia,Land-based,swimming,endotherm vertebrate,320000.00000000000000,Jacob_etal_2011
Balaenoptera_acutorostrata,160,Cetacea,Pelagic,swimming,endotherm vertebrate,5200000.00000000000000,Jacob_etal_2011
Halobaena_caerulea,161,Aves,Land-based,swimming,endotherm vertebrate,230.00000000000000,Jacob_etal_2011
Hydrurga_leptonyx,162,Pinnipedia,Land-based,swimming,endotherm vertebrate,1400000.00000000000000,Jacob_etal_2011
Leptonychotes_weddelli,163,Pinnipedia,Land-based,swimming,endotherm vertebrate,770000.00000000000000,Jacob_etal_2011
Lobodon_carcinophagus ,164,Pinnipedia,Land-based,swimming,endotherm vertebrate,750000.00000000000000,Jacob_etal_2011
Mirounga_leonina,165,Pinnipedia,Land-based,swimming,endotherm vertebrate,5000000.00000000000000,Jacob_etal_2011
Ommatophoca_rossii ,166,Pinnipedia,Land-based,swimming,endotherm vertebrate,370000.00000000000000,Jacob_etal_2011
Thalassoica_antarctica,167,Aves,Land-based,swimming,endotherm vertebrate,0.00000000001140,Jacob_etal_2011
Primno_macropa,168,Crustacea,Pelagic,swimming,invertebrate,0.24000000000000,Jacob_etal_2011
Siphonophora,169,Miscellaneous,Benthic,swimming,invertebrate,0.15000000000000,"Diphyes_antarctica, from Jacob_etal_2011"
Ascidiacea,170,Ascidiacea,Benthic,sessile,invertebrate,6.99833333333333,Jacob_etal_2011
Echiurida,171,Polychaeta,Benthic,sessile,invertebrate,0.00088000000000,Jacob_etal_2011
Sipunculida,172,Miscellaneous,Benthic,walking,invertebrate,0.18445392600000,"Golfingia_spp, from Jacob_etal_2011"
Oncaea_curvata,173,Crustacea,Benthopelagic,swimming,invertebrate,2.50000000000000,Mayzaud_etal2002
Ceratoserolis_meridionalis,174,Crustacea,Benthopelagic,walking,invertebrate,15.00000000000000,Jacob_etal_2011
Neobuccinum_eatoni,175,Gastropoda,Benthic,walking,invertebrate,0.15000000000000,Jacob_etal_2011
Pentanymphon_antarcticum,176,Miscellaneous,Benthic,walking,invertebrate,0.00034000000000,Jacob_etal_2011
Aega_antarctica,177,Crustacea,Benthopelagic,walking,invertebrate,0.59000000000000,Jacob_etal_2011
Eunoe_hartmanae,178,Polychaeta,Benthic,walking,invertebrate,57.00000000000000,Jacob_etal_2011
Cephalodiscus_sp,179,Miscellaneous,Benthic,sessile,invertebrate,0.20000000000000,Jacob_etal_2011
Dolloidraco_longedorsalis,180,Fish,Demersal,swimming,ectotherm vertebrate,13.00000000000000,Jacob_etal_2011
Diplasterias_brucei,181,Echinodermata,Benthic,walking,invertebrate,2.80000000000000,Jacob_etal_2011
Perknaster_fuscus,182,Echinodermata,Benthic,walking,invertebrate,9.80000000000000,Jacob_etal_2011
Necromass,183,Non-living,Non-living,NA,other,-999.00000000000000,Jacob_etal_2011
Abatus_cavernosus ,184,Echinodermata,Benthic,walking,invertebrate,2.70000000000000,Jacob_etal_2011
Abatus_curvidens,185,Echinodermata,Benthic,walking,invertebrate,1.40000000000000,Jacob_etal_2011
Abatus_nimrodi,186,Echinodermata,Benthic,walking,invertebrate,3.70000000000000,Jacob_etal_2011
Abatus_shackeltoni,187,Echinodermata,Benthic,walking,invertebrate,1.90000000000000,Jacob_etal_2011
Abyssocucumis_liouvillei,188,Echinodermata,Benthic,walking,invertebrate,0.15000000000000,Jacob_etal_2011
Abyssorchomene_nodimanus,189,Crustacea,Benthopelagic,swimming,invertebrate,0.24000000000000,Jacob_etal_2011
Abyssorchomene_plebs ,190,Crustacea,Benthopelagic,swimming,invertebrate,0.47000000000000,Jacob_etal_2011
Abyssorchomene_rossi,191,Crustacea,Benthopelagic,swimming,invertebrate,1.90000000000000,Jacob_etal_2011
Achlyonice_violaecuspidata,192,Echinodermata,Benthic,walking,invertebrate,0.15000000000000,Jacob_etal_2011
Acodontaster_conspicuus,193,Echinodermata,Benthic,walking,invertebrate,3.30000000000000,Jacob_etal_2011
Aegires_albus,194,Gastropoda,Benthic,walking,invertebrate,0.01800000000000,Jacob_etal_2011
Alacia_belgicae,195,Miscellaneous,Benthic,walking,invertebrate,0.00044000000000,Jacob_etal_2011
Alacia_hettacra,196,Miscellaneous,Benthic,walking,invertebrate,0.00044000000000,Jacob_etal_2011
Alcyonidium_sp,197,Bryozoa,Benthic,sessile,invertebrate,0.13000000000000,Jacob_etal_2011
Alcyonium_antarcticum,198,Bryozoa,Benthic,sessile,invertebrate,0.13000000000000,Jacob_etal_2011
Alexandrella_mixta,199,Crustacea,Benthopelagic,walking,invertebrate,1.30000000000000,Jacob_etal_2011
Alomasoma_belyaevi,200,Polychaeta,Benthic,walking,invertebrate,0.57000000000000,Jacob_etal_2011
Amauropsis_rossiana,201,Gastropoda,Benthic,walking,invertebrate,0.01000000000000,Jacob_etal_2011
Ammothea_carolinensis,202,Miscellaneous,Benthic,walking,invertebrate,0.17000000000000,Jacob_etal_2011
Ampelisca_richardsoni,203,Crustacea,Benthopelagic,walking,invertebrate,0.81000000000000,Jacob_etal_2011
Antarctomysis_maxima,204,Crustacea,Benthopelagic,swimming,invertebrate,13.00000000000000,Jacob_etal_2011
Anthomastus_bathyproctus,205,Cnidaria,Benthic,sessile,invertebrate,1.30000000000000,Jacob_etal_2011
Anthometra_adriani,206,Echinodermata,Benthic,walking,invertebrate,98.00000000000000,Jacob_etal_2011
Aplidium_vastum ,207,Ascidiacea,Benthic,sessile,invertebrate,5.60000000000000,Jacob_etal_2011
Aporocidaris_milleri,208,Echinodermata,Benthic,walking,invertebrate,2.70000000000000,Jacob_etal_2011
Aptenodytes_forsteri,209,Aves,Land-based,swimming,endotherm vertebrate,11000.00000000000000,Jacob_etal_2011
Arcturidae,210,Crustacea,Benthopelagic,walking,invertebrate,11.52400000000000,Jacob_etal_2011
Artedidraco_loennbergi,211,Fish,Demersal,swimming,ectotherm vertebrate,17.00000000000000,Jacob_etal_2011
Artedidraco_orianae,212,Fish,Demersal,swimming,ectotherm vertebrate,95.00000000000000,Jacob_etal_2011
Artedidraco_shackletoni,213,Fish,Demersal,swimming,ectotherm vertebrate,95.00000000000000,Jacob_etal_2011
Ascidia_challengeri,214,Ascidiacea,Benthic,sessile,invertebrate,0.69000000000000,Jacob_etal_2011
Astrochlamys_bruneus,215,Echinodermata,Benthic,walking,invertebrate,1.60000000000000,Jacob_etal_2011
Astrotoma_agassizii,216,Echinodermata,Benthic,walking,invertebrate,4.20000000000000,Jacob_etal_2011
Austrocidaris_canaliculata,217,Echinodermata,Benthic,walking,invertebrate,0.89000000000000,Jacob_etal_2011
Austrosisignum_grande,218,Crustacea,Benthopelagic,walking,invertebrate,50.00000000000000,Jacob_etal_2011
Axociella_nidificata,219,Porifera,Benthic,sessile,invertebrate,6.50000000000000,Jacob_etal_2011
Balaenoptera_musculus,220,Cetacea,Pelagic,swimming,endotherm vertebrate,1900000.00000000000000,Jacob_etal_2011
Balaenoptera_physalus,221,Cetacea,Pelagic,swimming,endotherm vertebrate,8600000.00000000000000,Jacob_etal_2011
Bargmannia_sp,222,Cnidaria,Benthic,swimming,invertebrate,0.01200000000000,Jacob_etal_2011
Baseodiscus_antarcticus,223,Miscellaneous,Benthic,walking,invertebrate,5800.00000000000000,Jacob_etal_2011
Bathybiaster_loripes,224,Echinodermata,Benthic,walking,invertebrate,7.90000000000000,Jacob_etal_2011
Bathydoris_clavigera,225,Gastropoda,Benthic,walking,invertebrate,3.40000000000000,Jacob_etal_2011
Bathypanoploea_schellenbergi,226,Crustacea,Benthopelagic,swimming,invertebrate,3.70000000000000,Jacob_etal_2011
Bathyplotes_bongraini,227,Echinodermata,Benthic,walking,invertebrate,4.80000000000000,Jacob_etal_2011
Bathyplotes_gourdoni,228,Echinodermata,Benthic,walking,invertebrate,4.80000000000000,Jacob_etal_2011
Beroe_cucumis,229,Miscellaneous,Pelagic,swimming,invertebrate,0.08500000000000,Jacob_etal_2011
Boroecia_antipoda,230,Miscellaneous,Benthic,walking,invertebrate,0.00044000000000,Jacob_etal_2011
Bostrychopora_dentata,231,Bryozoa,Benthic,sessile,invertebrate,0.08500000000000,Jacob_etal_2011
Bovallia_gigantea,232,Crustacea,Benthopelagic,swimming,invertebrate,0.04500000000000,Momo_1995
Cadulus_dalli_antarcticum,233,Miscellaneous,Benthic,sessile,invertebrate,0.00170000000000,Jacob_etal_2011
Callianira_antarctica,234,Miscellaneous,Pelagic,swimming,invertebrate,5.60000000000000,Jacob_etal_2011
Callochiton_gaussi,235,Miscellaneous,Benthic,walking,invertebrate,0.00066000000000,Jacob_etal_2011
Camptoplites_tricornis,236,Bryozoa,Benthic,sessile,invertebrate,0.69000000000000,Jacob_etal_2011
Campylaspis_maculata,237,Crustacea,Benthopelagic,walking,invertebrate,0.05300000000000,Jacob_etal_2011
Cassidulinoides_parkeriana,238,Miscellaneous,Benthic,sessile,invertebrate,0.00000000120000,Jacob_etal_2011
Cellarinella_sp,239,Bryozoa,Benthic,sessile,invertebrate,5.74250000000000,Jacob_etal_2011
Chionodraco_myersi,240,Fish,Demersal,swimming,ectotherm vertebrate,370.00000000000000,Jacob_etal_2011
Cibicides_refulgens,241,Miscellaneous,Benthic,sessile,invertebrate,0.00000000120000,Jacob_etal_2011
Cinachyra_antarctica,242,Porifera,Benthic,sessile,invertebrate,0.18000000000000,Jacob_etal_2011
Cinachyra_barbata,243,Porifera,Benthic,sessile,invertebrate,0.18000000000000,Jacob_etal_2011
Clione_limacina,244,Gastropoda,Benthic,swimming,invertebrate,0.01400000000000,Jacob_etal_2011
Colossendeis_sp,245,Miscellaneous,Benthic,walking,invertebrate,3.70000000000000,Jacob_etal_2011
Composothyris_racovitzae,246,Miscellaneous,Benthic,sessile,invertebrate,0.00220000000000,Jacob_etal_2011
Corella_eumyota,247,Ascidiacea,Benthic,sessile,invertebrate,5.60000000000000,Jacob_etal_2011
Crania_lecointei,248,Miscellaneous,Benthic,sessile,invertebrate,0.00014000000000,Jacob_etal_2011
Cryodraco_antarcticus,249,Fish,Demersal,swimming,ectotherm vertebrate,1300.00000000000000,Jacob_etal_2011
Ctenocidaris_gigantea,250,Echinodermata,Benthic,walking,invertebrate,16.00000000000000,Jacob_etal_2011
Ctenocidaris_gilberti,251,Echinodermata,Benthic,walking,invertebrate,16.00000000000000,Jacob_etal_2011
Ctenocidaris_perrieri,252,Echinodermata,Benthic,walking,invertebrate,15.00000000000000,Jacob_etal_2011
Ctenocidaris_spinosa,253,Echinodermata,Benthic,walking,invertebrate,3.10000000000000,Jacob_etal_2011
Cuenotaster_involutus,254,Echinodermata,Benthic,walking,invertebrate,17.00000000000000,Jacob_etal_2011
Cygnodraco_mawsoni,255,Fish,Demersal,swimming,ectotherm vertebrate,760.00000000000000,Jacob_etal_2011
Cylichna_sp,256,Gastropoda,Benthic,walking,invertebrate,0.01800000000000,"Newnesia_antarctica, Jacob_etal_2011"
Dacodraco_hunteri,257,Fish,Demersal,swimming,ectotherm vertebrate,330.00000000000000,Jacob_etal_2011
Daption_capense,258,Aves,Land-based,swimming,endotherm vertebrate,5500.00000000000000,Jacob_etal_2011
Dentalium _majorinum,259,Miscellaneous,Benthic,sessile,invertebrate,0.13000000000000,Jacob_etal_2011
Desmonema_glaciale,260,Cnidaria,Benthic,swimming,invertebrate,80.00000000000000,Jacob_etal_2011
Diastylis_mawsoni,261,Crustacea,Benthopelagic,walking,invertebrate,0.05300000000000,Jacob_etal_2011
Diplulmaris_antarctica,262,Cnidaria,Benthic,swimming,invertebrate,2.20000000000000,Jacob_etal_2011
Doris_kerguelenensis,263,Gastropoda,Benthic,walking,invertebrate,3.40000000000000,Jacob_etal_2011
Echiniphimedia_hodgsoni,264,Crustacea,Benthopelagic,walking,invertebrate,1.90000000000000,Jacob_etal_2011
Echinopsolus_acanthocola,265,Echinodermata,Benthic,walking,invertebrate,0.00810000000000,Jacob_etal_2011
Echiurus_antarcticus,266,Polychaeta,Benthic,walking,invertebrate,0.00088000000000,Jacob_etal_2011
Edwardsia_meridionalis,267,Cnidaria,Benthic,sessile,invertebrate,0.01800000000000,Jacob_etal_2011
Ekleptostylis_debroyeri,268,Crustacea,Benthopelagic,walking,invertebrate,0.05300000000000,Jacob_etal_2011
Ekmocucumis_steineni,269,Echinodermata,Benthic,walking,invertebrate,2.30000000000000,Jacob_etal_2011
Ekmocucumis_turqueti,270,Echinodermata,Benthic,walking,invertebrate,2.30000000000000,Jacob_etal_2011
Epimeria_georgiana,271,Crustacea,Benthopelagic,swimming,invertebrate,1.90000000000000,Jacob_etal_2011
Epimeria_rubrieques,272,Crustacea,Benthopelagic,swimming,invertebrate,10.00000000000000,Jacob_etal_2011
Epimeria_similis,273,Crustacea,Benthopelagic,swimming,invertebrate,3.70000000000000,Jacob_etal_2011
Epimeriella_walkeri,274,Crustacea,Benthopelagic,swimming,invertebrate,0.73000000000000,Jacob_etal_2011
Euchaetomera_antarcticus,275,Crustacea,Benthopelagic,swimming,invertebrate,0.08400000000000,Jacob_etal_2011
Eucopia_australis,276,Crustacea,Benthopelagic,swimming,invertebrate,4.70000000000000,Jacob_etal_2011
Eudorella_splendida,277,Crustacea,Benthopelagic,walking,invertebrate,0.05300000000000,Jacob_etal_2011
Eunoe_spica_spicoides,278,Polychaeta,Benthic,walking,invertebrate,7.10000000000000,Jacob_etal_2011
Eusirus_antarcticus,279,Crustacea,Benthopelagic,swimming,invertebrate,0.14000000000000,Jacob_etal_2011
Eusirus_perdentatus,280,Crustacea,Benthopelagic,swimming,invertebrate,19.00000000000000,Jacob_etal_2011
Frontoserolis_bouvieri,281,Crustacea,Benthopelagic,walking,invertebrate,15.00000000000000,Jacob_etal_2011
Fulmarus_glacialoides,282,Aves,Land-based,swimming,endotherm vertebrate,14000.00000000000000,Jacob_etal_2011
Gerlachea_australis,283,Fish,Benthopelagic,swimming,ectotherm vertebrate,260.00000000000000,Jacob_etal_2011
Gersemia_antarctica,284,Cnidaria,Benthic,sessile,invertebrate,5800.00000000000000,Jacob_etal_2011
Globocassidulina_crassa,285,Miscellaneous,Benthic,sessile,invertebrate,0.00000000120000,Jacob_etal_2011
Gnathiphimedia_mandibularis,286,Crustacea,Benthopelagic,walking,invertebrate,3.70000000000000,Jacob_etal_2011
Golfingia_anderssoni,287,Miscellaneous,Benthic,walking,invertebrate,0.00220000000000,Jacob_etal_2011
Golfingia_margaritacea_margaritacea,288,Miscellaneous,Benthic,walking,invertebrate,0.92000000000000,Jacob_etal_2011
Golfingia_mawsoni,289,Miscellaneous,Benthic,walking,invertebrate,0.00004100000000,Jacob_etal_2011
Golfingia_nordenskojoeldi,290,Miscellaneous,Benthic,walking,invertebrate,0.00000063000000,Jacob_etal_2011
Golfingia_ohlini,291,Miscellaneous,Benthic,walking,invertebrate,0.00002800000000,Jacob_etal_2011
Gorgonocephalus_chilensis,292,Echinodermata,Benthic,walking,invertebrate,2.70000000000000,Jacob_etal_2011
Gymnodraco_acuticeps,293,Fish,Demersal,swimming,ectotherm vertebrate,1400.00000000000000,Jacob_etal_2011
Hamingia_sp,294,Polychaeta,Benthic,walking,invertebrate,0.01800000000000,Jacob_etal_2011
Haplocheira_plumosa,295,Crustacea,Benthopelagic,walking,invertebrate,0.03100000000000,Jacob_etal_2011
Harmothoe_crosetensis,296,Polychaeta,Benthic,walking,invertebrate,5.80000000000000,Jacob_etal_2011
Harmothoe_spinosa,297,Polychaeta,Benthic,walking,invertebrate,6.10000000000000,Jacob_etal_2011
Harpovoluta_charcoti,298,Gastropoda,Benthic,walking,invertebrate,0.29000000000000,Jacob_etal_2011
Heterophoxus_videns,299,Crustacea,Benthopelagic,swimming,invertebrate,0.03100000000000,Jacob_etal_2011
Hyperia_macrocephala,300,Crustacea,Benthopelagic,swimming,invertebrate,0.42000000000000,Jacob_etal_2011
Hyperiella_dilatata,301,Crustacea,Benthopelagic,swimming,invertebrate,0.00570000000000,Jacob_etal_2011
Ihlea_racovitzai,302,Salpida,Pelagic,swimming,invertebrate,0.00740000000000,Jacob_etal_2011
Iophon_radiatus,303,Porifera,Benthic,sessile,invertebrate,2.30000000000000,Jacob_etal_2011
Isoschizoporella_tricuspis,304,Bryozoa,Benthic,sessile,invertebrate,0.69000000000000,Jacob_etal_2011
Isotealia_antarctica,305,Cnidaria,Benthic,sessile,invertebrate,0.04300000000000,Jacob_etal_2011
Labidiaster_annulatus,306,Echinodermata,Benthic,walking,invertebrate,86.00000000000000,Jacob_etal_2011
Lagenorhynchus_cruciger,307,Cetacea,Pelagic,swimming,endotherm vertebrate,240000.00000000000000,Jacob_etal_2011
Lenticulina_antarctica,308,Miscellaneous,Benthic,sessile,invertebrate,0.00000000120000,Jacob_etal_2011
Lepidonotothen_nudifrons,309,Fish,Demersal,swimming,ectotherm vertebrate,2878.77000000000000,Jacob_etal_2011
Limacina_helicina_antarctica,310,Gastropoda,Benthic,swimming,invertebrate,0.00009400000000,Jacob_etal_2011
Limopsis_lillei,311,Bivalvia,Benthic,walking,invertebrate,0.00460000000000,Jacob_etal_2011
Limopsis_marionensis,312,Bivalvia,Benthic,walking,invertebrate,0.35000000000000,Jacob_etal_2011
Lineus_longifissus,313,Miscellaneous,Benthic,walking,invertebrate,5800.00000000000000,Jacob_etal_2011
Liothyrella_uva,314,Miscellaneous,Benthic,sessile,invertebrate,0.08500000000000,Jacob_etal_2011
Liothyrella_uva_antarctica,315,Miscellaneous,Benthic,sessile,invertebrate,0.08500000000000,Jacob_etal_2011
Lissarca_notorcadensis,316,Bivalvia,Benthic,walking,invertebrate,0.00056000000000,Jacob_etal_2011
Lophaster_gaini,317,Echinodermata,Benthic,walking,invertebrate,5.30000000000000,Jacob_etal_2011
Luidiaster_gerlachei,318,Echinodermata,Benthic,walking,invertebrate,0.11000000000000,Jacob_etal_2011
Lyrocteis_flavopallidus,319,Zooplankton,Pelagic,swimming,invertebrate,0.19000000000000,Jacob_etal_2011
Lysasterias_perrieri,320,Echinodermata,Benthic,walking,invertebrate,3.90000000000000,Jacob_etal_2011
Macronectes_giganteus,321,Aves,Land-based,swimming,endotherm vertebrate,4700.00000000000000,Jacob_etal_2011
Macronectes_halli,322,Aves,Land-based,swimming,endotherm vertebrate,4100.00000000000000,Jacob_etal_2011
Macroptychaster_accrescens,323,Echinodermata,Benthic,walking,invertebrate,15.00000000000000,Jacob_etal_2011
Macrourus_holotrachis,324,Fish,Benthopelagic,swimming,ectotherm vertebrate,3800.00000000000000,Jacob_etal_2011
Magellania_fragilis,325,Miscellaneous,Benthic,sessile,invertebrate,0.08200000000000,Jacob_etal_2011
Magellania_joubini,326,Miscellaneous,Benthic,sessile,invertebrate,0.00220000000000,Jacob_etal_2011
Marseniopsis_mollis,327,Gastropoda,Benthic,walking,invertebrate,0.01000000000000,Jacob_etal_2011
Maxilliphimedia_longipes,328,Crustacea,Benthopelagic,walking,invertebrate,0.81000000000000,Jacob_etal_2011
Maxmuelleria_faex,329,Polychaeta,Benthic,walking,invertebrate,0.01000000000000,Jacob_etal_2011
Megaptera_novaeangliae,330,Cetacea,Pelagic,swimming,endotherm vertebrate,28000000.00000000000000,Jacob_etal_2011
Melicerita_obliqua,331,Bryozoa,Benthic,sessile,invertebrate,0.69000000000000,Jacob_etal_2011
Melphidippa_antarctica,332,Crustacea,Benthopelagic,swimming,invertebrate,0.47000000000000,Jacob_etal_2011
Mertensiidae,333,Miscellaneous,Pelagic,swimming,invertebrate,5.60000000000000,"Callianira_antarctica, Jacob_etal_2011"
Mesothuria_lactea,334,Echinodermata,Benthic,walking,invertebrate,0.06600000000000,Jacob_etal_2011
Metaconchoecia_isocheira,335,Crustacea,Benthic,walking,invertebrate,0.00044000000000,Jacob_etal_2011
Molgula_pedunculata,336,Ascidiacea,Benthic,sessile,invertebrate,11.00000000000000,Jacob_etal_2011
Molpadia_musculus,337,Echinodermata,Benthic,walking,invertebrate,2.30000000000000,Jacob_etal_2011
Monocaulus_parvula,338,Cnidaria,Benthic,sessile,invertebrate,2.80000000000000,Jacob_etal_2011
Monoculodes_scabriculosus,339,Crustacea,Benthopelagic,swimming,invertebrate,0.47000000000000,Jacob_etal_2011
Myodocopa,340,Crustacea,Benthopelagic,sessile,invertebrate,0.00044000000000,Jacob_etal_2011
Natatolana_oculata,341,Crustacea,Benthic,walking,invertebrate,0.03100000000000,Jacob_etal_2011
Nematocarcinus_lanceopes,342,Miscellaneous,Benthic,swimming,invertebrate,1.20000000000000,Jacob_etal_2011
Nematoflustra_flagellata,343,Bryozoa,Benthic,sessile,invertebrate,5.60000000000000,Jacob_etal_2011
Neogloboquadriana_pachyderma,344,Miscellaneous,Benthic,sessile,invertebrate,0.00000000120000,Jacob_etal_2011
Notaeolidia_gigas,345,Gastropoda,Benthic,walking,invertebrate,0.35000000000000,Jacob_etal_2011
Notasterias_armata,346,Echinodermata,Benthic,walking,invertebrate,1.10000000000000,Jacob_etal_2011
Notocidaris_mortenseni,347,Echinodermata,Benthic,walking,invertebrate,3.50000000000000,Jacob_etal_2011
Nototanais_antarcticus,348,Crustacea,Benthic,walking,invertebrate,0.10000000000000,Jacob_etal_2011
Nototanais_dimorphus,349,Crustacea,Benthic,walking,invertebrate,0.10000000000000,Jacob_etal_2011
Notothenia_coriiceps,350,Fish,Demersal,swimming,ectotherm vertebrate,2000.00000000000000,Jacob_etal_2011
Notothenia_marmorata,351,Fish,Demersal,swimming,ectotherm vertebrate,8600.00000000000000,Jacob_etal_2011
Nuttallochiton_mirandus,352,Miscellaneous,Benthic,walking,invertebrate,0.29000000000000,Jacob_etal_2011
Nymphon_gracillimum,353,Miscellaneous,Benthic,walking,invertebrate,0.20000000000000,Jacob_etal_2011
Oceanites_oceanicus,354,Aves,Land-based,swimming,endotherm vertebrate,600.00000000000000,Jacob_etal_2011
Odontaster_meridionalis,355,Echinodermata,Benthic,walking,invertebrate,0.08400000000000,Jacob_etal_2011
Oediceroides_calmani,356,Crustacea,Benthopelagic,swimming,invertebrate,0.81000000000000,Jacob_etal_2011
Oediceroides_emarginatus,357,Crustacea,Benthopelagic,swimming,invertebrate,6.40000000000000,Jacob_etal_2011
Ophiacantha_antarctica,358,Echinodermata,Benthic,walking,invertebrate,0.06700000000000,Jacob_etal_2011
Ophiacantha_pentacis,359,Echinodermata,Benthic,walking,invertebrate,0.06700000000000,"Ophiacantha_antarctica, from Jacob_etal_2011"
Ophiacantha_vivipara,360,Echinodermata,Benthic,walking,invertebrate,0.06700000000000,"Ophiacantha_antarctica, from Jacob_etal_2011"
Ophioceres_incipiens,361,Echinodermata,Benthic,walking,invertebrate,0.04100000000000,Jacob_etal_2011
Ophioperla_koehleri,362,Echinodermata,Benthic,walking,invertebrate,1.90000000000000,Jacob_etal_2011
Ophiurolepis_brevirima,363,Echinodermata,Benthic,walking,invertebrate,0.42000000000000,Jacob_etal_2011
Orcinus_orca,364,Cetacea,Pelagic,swimming,endotherm vertebrate,4000000.00000000000000,Jacob_etal_2011
Oswaldella_antarctica,365,Cnidaria,Benthic,sessile,invertebrate,1.30000000000000,Jacob_etal_2011
Pachyptila_desolata,366,Aves,Land-based,swimming,endotherm vertebrate,170.00000000000000,Jacob_etal_2011
Pagetopsis_maculatus,367,Fish,Demersal,swimming,ectotherm vertebrate,81.00000000000000,Jacob_etal_2011
Pagodroma_nivea,368,Aves,Land-based,swimming,endotherm vertebrate,4000.00000000000000,Jacob_etal_2011
Paraceradocus_gibber,369,Crustacea,Benthopelagic,swimming,invertebrate,6.40000000000000,Jacob_etal_2011
Paramoera_walkeri,370,Crustacea,Benthopelagic,walking,invertebrate,0.73000000000000,Jacob_etal_2011
Parborlasia_corrugatus,371,Miscellaneous,Benthic,walking,invertebrate,5800.00000000000000,Jacob_etal_2011
Pareledone_antarctica,372,Cephalopoda,Pelagic,swimming,invertebrate,29.00000000000000,Jacob_etal_2011
Pareledone_charcoti,373,Cephalopoda,Pelagic,swimming,invertebrate,3.30000000000000,Jacob_etal_2011
Parmaphorella_mawsoni,374,Gastropoda,Benthic,walking,invertebrate,0.04300000000000,Jacob_etal_2011
Parschisturella_ceruviata ,375,Crustacea,Benthopelagic,walking,invertebrate,0.32000000000000,Jacob_etal_2011
Pemmatoporella_sp,376,Bryozoa,Benthic,sessile,invertebrate,5.74000000000000,Jacob_etal_2011
Peraeospinosus_pushkini,377,Crustacea,Benthic,walking,invertebrate,0.10000000000000,Jacob_etal_2011
Perknaster_densus,378,Echinodermata,Benthic,walking,invertebrate,0.78000000000000,Jacob_etal_2011
Perknaster_fuscus_antarcticus,379,Echinodermata,Benthic,walking,invertebrate,9.80000000000000,Jacob_etal_2011
Phascolion_strombi,380,Miscellaneous,Benthic,walking,invertebrate,0.00000063000000,Jacob_etal_2011
Physeter_macrocephalus,381,Cetacea,Pelagic,swimming,endotherm vertebrate,25000000.00000000000000,Jacob_etal_2011
Podocopida,382,Crustacea,Benthopelagic,sessile,invertebrate,0.00044000000000,Jacob_etal_2011
Pogonophryne_barsukovi,383,Fish,Demersal,swimming,ectotherm vertebrate,190.00000000000000,Jacob_etal_2011
Pogonophryne_marmorata,384,Fish,Demersal,swimming,ectotherm vertebrate,190.00000000000000,Jacob_etal_2011
Pogonophryne_permitini,385,Fish,Demersal,swimming,ectotherm vertebrate,80.00000000000000,Jacob_etal_2011
Pogonophryne_phyllopogon,386,Fish,Demersal,swimming,ectotherm vertebrate,230.00000000000000,Jacob_etal_2011
Pogonophryne_scotti,387,Fish,Demersal,swimming,ectotherm vertebrate,440.00000000000000,Jacob_etal_2011
Polyeunoa_laevis,388,Polychaeta,Benthic,walking,invertebrate,15.00000000000000,Jacob_etal_2011
Pontiothauma_ergata,389,Gastropoda,Benthic,walking,invertebrate,0.69000000000000,Jacob_etal_2011
Porania_antarctica,390,Echinodermata,Benthic,walking,invertebrate,0.07300000000000,Jacob_etal_2011
Primnoella_sp,391,Cnidaria,Benthic,sessile,invertebrate,0.13000000000000,Jacob_etal_2011
Primnoisis_antarctica,392,Cnidaria,Benthic,sessile,invertebrate,1.50000000000000,Jacob_etal_2011
Prionodraco_evansii,393,Fish,Demersal,swimming,ectotherm vertebrate,64.00000000000000,Jacob_etal_2011
Procellaria_aequinoctialis,394,Aves,Land-based,swimming,endotherm vertebrate,600.00000000000000,Jacob_etal_2011
Propeleda_longicaudata,395,Bivalvia,Benthic,walking,invertebrate,0.01200000000000,Jacob_etal_2011
Pseudorchomene_coatsi,396,Crustacea,Benthopelagic,walking,invertebrate,0.47000000000000,Jacob_etal_2011
Psilaster_charcoti,397,Echinodermata,Benthic,walking,invertebrate,15.00000000000000,Jacob_etal_2011
Psolidium_incertum,398,Echinodermata,Benthic,walking,invertebrate,0.04300000000000,Jacob_etal_2011
Psolus_antarcticus,399,Echinodermata,Benthic,walking,invertebrate,0.08500000000000,Jacob_etal_2011
Psolus_charcoti,400,Echinodermata,Benthic,walking,invertebrate,0.06200000000000,Jacob_etal_2011
Psolus_dubiosus,401,Echinodermata,Benthic,walking,invertebrate,0.08500000000000,Jacob_etal_2011
Pteraster_affinis_aculeatus,402,Echinodermata,Benthic,walking,invertebrate,0.31000000000000,Jacob_etal_2011
Pterodroma_brevirostris,403,Aves,Land-based,swimming,endotherm vertebrate,196.00000000000000,Jacob_etal_2011
Puncturella_conica,404,Gastropoda,Benthic,walking,invertebrate,0.00110000000000,Jacob_etal_2011
Racovitzia_glacialis,405,Fish,Demersal,swimming,ectotherm vertebrate,430.00000000000000,Jacob_etal_2011
Reteporella_hippocrepis,406,Bryozoa,Benthic,sessile,invertebrate,2.30000000000000,Jacob_etal_2011
Rhachotropis_antarctica,407,Crustacea,Benthopelagic,swimming,invertebrate,0.18000000000000,Jacob_etal_2011
Rhynchonereella_bongraini,408,Polychaeta,Benthic,walking,invertebrate,0.00190000000000,Jacob_etal_2011
Rossella_antarctica,409,Porifera,Benthic,sessile,invertebrate,12.00000000000000,Jacob_etal_2011
Sagitta_gazellae,410,Zooplankton,Pelagic,swimming,invertebrate,0.00130000000000,Jacob_etal_2011
Salpa_gerlachei,411,Salpida,Pelagic,swimming,invertebrate,0.00740000000000,Jacob_etal_2011
Scotoplanes_globosa,412,Echinodermata,Benthic,walking,invertebrate,0.02400000000000,Jacob_etal_2011
Silicularia_rosea,413,Cnidaria,Benthic,sessile,invertebrate,0.00220000000000,Jacob_etal_2011
Solaster_sp,414,Echinodermata,Benthic,walking,invertebrate,0.75000000000000,Jacob_etal_2011
Solmundella_bitentaculata,415,Cnidaria,Benthic,swimming,invertebrate,3.30000000000000,Jacob_etal_2011
Sterechinus_antarcticus,416,Echinodermata,Benthic,walking,invertebrate,8.50000000000000,Jacob_etal_2011
Sterna_paradisaea,417,Aves,Land-based,swimming,endotherm vertebrate,380.00000000000000,Jacob_etal_2011
Sterna_vittata,418,Aves,Land-based,swimming,endotherm vertebrate,420.00000000000000,Jacob_etal_2011
Stylocordyla_borealis,419,Porifera,Benthic,sessile,invertebrate,45.00000000000000,Jacob_etal_2011
Synoicum_adareanum,420,Ascidiacea,Benthic,sessile,invertebrate,4.10000000000000,Jacob_etal_2011
Systenopora_contracta,421,Bryozoa,Benthic,sessile,invertebrate,30.00000000000000,Jacob_etal_2011
Trachythyone_parva,422,Echinodermata,Benthic,walking,invertebrate,0.04300000000000,Jacob_etal_2011
Trematomus_bernacchii,423,Fish,Demersal,swimming,ectotherm vertebrate,240.00000000000000,Jacob_etal_2011
Trematomus_lepidorhinus ,424,Fish,Benthopelagic,swimming,ectotherm vertebrate,150.00000000000000,Jacob_etal_2011
Trematomus_loennbergii,425,Fish,Benthopelagic,swimming,ectotherm vertebrate,250.00000000000000,Jacob_etal_2011
Trematomus_nicolai,426,Fish,Benthopelagic,swimming,ectotherm vertebrate,660.00000000000000,Jacob_etal_2011
Tritonia_antarctica,427,Gastropoda,Benthic,walking,invertebrate,0.19000000000000,Jacob_etal_2011
Tritoniella_belli,428,Gastropoda,Benthic,walking,invertebrate,0.35000000000000,Jacob_etal_2011
Tryphosella_murrayi,429,Crustacea,Benthopelagic,swimming,invertebrate,1.30000000000000,Jacob_etal_2011
Tubularia_ralphii,430,Cnidaria,Benthic,sessile,invertebrate,0.02900000000000,Jacob_etal_2011
Tursiops_truncatus,431,Cetacea,Pelagic,swimming,endotherm vertebrate,2300000.00000000000000,Jacob_etal_2011
Uristes_gigas,432,Crustacea,Benthopelagic,swimming,invertebrate,0.59000000000000,Jacob_etal_2011
Vaunthompsonia_inermis,433,Crustacea,Benthic,walking,invertebrate,0.05300000000000,Jacob_etal_2011
Ypsilocucumis_turricata,434,Echinodermata,Benthic,walking,invertebrate,0.69000000000000,Jacob_etal_2011