id,name,group,habitat,mass.g,mass.reference
1,Detritus,Non-living,Non-living,-999.00000000000000,Jacob_etal_2011
35,Sediment,Non-living,Non-living,-999.00000000000000,Jacob_etal_2011
183,Necromass,Non-living,Non-living,-999.00000000000000,Jacob_etal_2011
127,Fragilariopsis_sp,Phytoplankton,Pelagic,0.00000000000002,Jacob_etal_2011
80,SilicioZooplankton,Zooplankton,Pelagic,0.00000000000003,Jacob_etal_2011
92,Tintinnidae,Zooplankton,Pelagic,0.00000000000003,"SilicioZooplankton, from Jacob_etal_2011"
23,Nanoplankton,Phytoplankton,Pelagic,0.00000000000033,"Parvicorbicula_socialis, from Jacob_etal_2011"
124,Chaetoceros_sp,Phytoplankton,Pelagic,0.00000000000131,Jacob_etal_2011
94,Corethron_sp,Phytoplankton,Pelagic,0.00000000000401,Jacob_etal_2011
2,Phytoplankton,Phytoplankton,Pelagic,0.00000000000568,Jacob_etal_2011
7,Bacillariophyta,Phytoplankton,Pelagic,0.00000000000568,Jacob_etal_2011
126,Entomoneis_sp,Phytoplankton,Pelagic,0.00000000000568,Jacob_etal_2011
125,Distephanus_sp,Phytoplankton,Pelagic,0.00000000000698,"Dictyocha_speculum, from Jacob_etal_2011"
73,Euchaeta_antarctica,Crustacea,Benthopelagic,0.00000000000729,Jacob_etal_2011
167,Thalassoica_antarctica,Aves,Land-based,0.00000000001140,Jacob_etal_2011
128,Nitzschia_sp,Phytoplankton,Pelagic,0.00000000001740,Jacob_etal_2011
238,Cassidulinoides_parkeriana,Miscellaneous,Benthic,0.00000000120000,Jacob_etal_2011
241,Cibicides_refulgens,Miscellaneous,Benthic,0.00000000120000,Jacob_etal_2011
285,Globocassidulina_crassa,Miscellaneous,Benthic,0.00000000120000,Jacob_etal_2011
308,Lenticulina_antarctica,Miscellaneous,Benthic,0.00000000120000,Jacob_etal_2011
344,Neogloboquadriana_pachyderma,Miscellaneous,Benthic,0.00000000120000,Jacob_etal_2011
37,Foraminifera,Miscellaneous,Benthic,0.00000000120000,"Cassidulinoides_parkerianus , from Jacob_etal_2011"
54,Nematoda,Miscellaneous,Benthic,0.00000012000000,Vanhove_etal_1995
290,Golfingia_nordenskojoeldi,Miscellaneous,Benthic,0.00000063000000,Jacob_etal_2011
380,Phascolion_strombi,Miscellaneous,Benthic,0.00000063000000,Jacob_etal_2011
291,Golfingia_ohlini,Miscellaneous,Benthic,0.00002800000000,Jacob_etal_2011
27,Cyclocardia_astartoides,Bivalvia,Benthic,0.00003000000000,Jacob_etal_2011
289,Golfingia_mawsoni,Miscellaneous,Benthic,0.00004100000000,Jacob_etal_2011
85,Limacina_helicina,Gastropoda,Benthic,0.00009400000000,Jacob_etal_2011
310,Limacina_helicina_antarctica,Gastropoda,Benthic,0.00009400000000,Jacob_etal_2011
106,Vibilia_antarctica,Crustacea,Pelagic,0.00011000000000,Jacob_etal_2011
107,Vibilia_stebbingi,Crustacea,Pelagic,0.00011000000000,Jacob_etal_2011
248,Crania_lecointei,Miscellaneous,Benthic,0.00014000000000,Jacob_etal_2011
29,Trophon_longstaffi,Gastropoda,Benthic,0.00026000000000,Jacob_etal_2011
176,Pentanymphon_antarcticum,Miscellaneous,Benthic,0.00034000000000,Jacob_etal_2011
69,Pantopoda,Miscellaneous,Benthic,0.00034000000000,"Pentanymphon_antarcticum , from Jacob_etal_2011"
68,Ostracoda,Crustacea,Benthic,0.00044000000000,Jacob_etal_2011
335,Metaconchoecia_isocheira,Crustacea,Benthic,0.00044000000000,Jacob_etal_2011
340,Myodocopa,Crustacea,Benthopelagic,0.00044000000000,Jacob_etal_2011
382,Podocopida,Crustacea,Benthopelagic,0.00044000000000,Jacob_etal_2011
195,Alacia_belgicae,Miscellaneous,Benthic,0.00044000000000,Jacob_etal_2011
196,Alacia_hettacra,Miscellaneous,Benthic,0.00044000000000,Jacob_etal_2011
230,Boroecia_antipoda,Miscellaneous,Benthic,0.00044000000000,Jacob_etal_2011
28,Philobrya_sublaevis,Bivalvia,Benthic,0.00056000000000,Jacob_etal_2011
316,Lissarca_notorcadensis,Bivalvia,Benthic,0.00056000000000,Jacob_etal_2011
235,Callochiton_gaussi,Miscellaneous,Benthic,0.00066000000000,Jacob_etal_2011
171,Echiurida,Polychaeta,Benthic,0.00088000000000,Jacob_etal_2011
266,Echiurus_antarcticus,Polychaeta,Benthic,0.00088000000000,Jacob_etal_2011
404,Puncturella_conica,Gastropoda,Benthic,0.00110000000000,Jacob_etal_2011
90,Sagitta_marri,Zooplankton,Pelagic,0.00130000000000,Jacob_etal_2011
410,Sagitta_gazellae,Zooplankton,Pelagic,0.00130000000000,Jacob_etal_2011
233,Cadulus_dalli_antarcticum,Miscellaneous,Benthic,0.00170000000000,Jacob_etal_2011
89,Pelagobia_longicirrata,Polychaeta,Benthic,0.00190000000000,Jacob_etal_2011
408,Rhynchonereella_bongraini,Polychaeta,Benthic,0.00190000000000,Jacob_etal_2011
413,Silicularia_rosea,Cnidaria,Benthic,0.00220000000000,Jacob_etal_2011
246,Composothyris_racovitzae,Miscellaneous,Benthic,0.00220000000000,Jacob_etal_2011
287,Golfingia_anderssoni,Miscellaneous,Benthic,0.00220000000000,Jacob_etal_2011
326,Magellania_joubini,Miscellaneous,Benthic,0.00220000000000,Jacob_etal_2011
86,Metridia_gerlachei,Crustacea,Pelagic,0.00230000000000,Jacob_etal_2011
133,Chaetognatha,Zooplankton,Pelagic,0.00260000000000,Jacob_etal_2011
311,Limopsis_lillei,Bivalvia,Benthic,0.00460000000000,Jacob_etal_2011
79,Eukrohnia_hamata,Zooplankton,Pelagic,0.00520000000000,Jacob_etal_2011
75,Calanoides_acutus,Crustacea,Benthopelagic,0.00550000000000,Jacob_etal_2011
76,Calanus_propinquus,Crustacea,Benthopelagic,0.00570000000000,Jacob_etal_2011
301,Hyperiella_dilatata,Crustacea,Benthopelagic,0.00570000000000,Jacob_etal_2011
302,Ihlea_racovitzai,Salpida,Pelagic,0.00740000000000,Jacob_etal_2011
411,Salpa_gerlachei,Salpida,Pelagic,0.00740000000000,Jacob_etal_2011
265,Echinopsolus_acanthocola,Echinodermata,Benthic,0.00810000000000,Jacob_etal_2011
201,Amauropsis_rossiana,Gastropoda,Benthic,0.01000000000000,Jacob_etal_2011
327,Marseniopsis_mollis,Gastropoda,Benthic,0.01000000000000,Jacob_etal_2011
329,Maxmuelleria_faex,Polychaeta,Benthic,0.01000000000000,Jacob_etal_2011
395,Propeleda_longicaudata,Bivalvia,Benthic,0.01200000000000,Jacob_etal_2011
222,Bargmannia_sp,Cnidaria,Benthic,0.01200000000000,Jacob_etal_2011
244,Clione_limacina,Gastropoda,Benthic,0.01400000000000,Jacob_etal_2011
64,Gnathia_calva,Crustacea,Benthopelagic,0.01600000000000,Jacob_etal_2011
132,Clio_pyramidata,Gastropoda,Benthic,0.01700000000000,Jacob_etal_2011
267,Edwardsia_meridionalis,Cnidaria,Benthic,0.01800000000000,Jacob_etal_2011
194,Aegires_albus,Gastropoda,Benthic,0.01800000000000,Jacob_etal_2011
256,Cylichna_sp,Gastropoda,Benthic,0.01800000000000,"Newnesia_antarctica, Jacob_etal_2011"
294,Hamingia_sp,Polychaeta,Benthic,0.01800000000000,Jacob_etal_2011
121,Rhincalanus_gigas,Crustacea,Pelagic,0.02000000000000,Jacob_etal_2011
99,Yoldia_eightsi,Bivalvia,Benthic,0.02300000000000,Jacob_etal_2011
412,Scotoplanes_globosa,Echinodermata,Benthic,0.02400000000000,Jacob_etal_2011
103,Pteropoda,Gastropoda,Benthic,0.02623760000000,Jacob_etal_2011
33,Zooplankton,Zooplankton,Pelagic,0.02862857142858,Jacob_etal_2011
151,Tubularia,Cnidaria,Benthic,0.02900000000000,Jacob_etal_2011
430,Tubularia_ralphii,Cnidaria,Benthic,0.02900000000000,Jacob_etal_2011
67,Natatolana_obtusata,Crustacea,Benthic,0.03100000000000,Jacob_etal_2011
135,Djerboa_furcipes,Crustacea,Benthopelagic,0.03100000000000,Jacob_etal_2011
136,Natatolana_meridionalis,Crustacea,Benthic,0.03100000000000,Jacob_etal_2011
137,Oradarea_edentata,Crustacea,Benthopelagic,0.03100000000000,Jacob_etal_2011
295,Haplocheira_plumosa,Crustacea,Benthopelagic,0.03100000000000,Jacob_etal_2011
299,Heterophoxus_videns,Crustacea,Benthopelagic,0.03100000000000,Jacob_etal_2011
341,Natatolana_oculata,Crustacea,Benthic,0.03100000000000,Jacob_etal_2011
361,Ophioceres_incipiens,Echinodermata,Benthic,0.04100000000000,Jacob_etal_2011
305,Isotealia_antarctica,Cnidaria,Benthic,0.04300000000000,Jacob_etal_2011
398,Psolidium_incertum,Echinodermata,Benthic,0.04300000000000,Jacob_etal_2011
422,Trachythyone_parva,Echinodermata,Benthic,0.04300000000000,Jacob_etal_2011
374,Parmaphorella_mawsoni,Gastropoda,Benthic,0.04300000000000,Jacob_etal_2011
232,Bovallia_gigantea,Crustacea,Benthopelagic,0.04500000000000,Momo_1995
237,Campylaspis_maculata,Crustacea,Benthopelagic,0.05300000000000,Jacob_etal_2011
261,Diastylis_mawsoni,Crustacea,Benthopelagic,0.05300000000000,Jacob_etal_2011
268,Ekleptostylis_debroyeri,Crustacea,Benthopelagic,0.05300000000000,Jacob_etal_2011
277,Eudorella_splendida,Crustacea,Benthopelagic,0.05300000000000,Jacob_etal_2011
433,Vaunthompsonia_inermis,Crustacea,Benthic,0.05300000000000,Jacob_etal_2011
131,Brachiopoda,Miscellaneous,Benthic,0.05640000000000,Jacob_etal_2011
400,Psolus_charcoti,Echinodermata,Benthic,0.06200000000000,Jacob_etal_2011
334,Mesothuria_lactea,Echinodermata,Benthic,0.06600000000000,Jacob_etal_2011
358,Ophiacantha_antarctica,Echinodermata,Benthic,0.06700000000000,Jacob_etal_2011
153,Ophiacantha_sp,Echinodermata,Benthic,0.06700000000000,"Ophiacantha_antarctica, from Jacob_etal_2011"
359,Ophiacantha_pentacis,Echinodermata,Benthic,0.06700000000000,"Ophiacantha_antarctica, from Jacob_etal_2011"
360,Ophiacantha_vivipara,Echinodermata,Benthic,0.06700000000000,"Ophiacantha_antarctica, from Jacob_etal_2011"
390,Porania_antarctica,Echinodermata,Benthic,0.07300000000000,Jacob_etal_2011
51,Euphausiacea,Crustacea,Benthopelagic,0.07500000000000,Jacob_etal_2011
325,Magellania_fragilis,Miscellaneous,Benthic,0.08200000000000,Jacob_etal_2011
275,Euchaetomera_antarcticus,Crustacea,Benthopelagic,0.08400000000000,Jacob_etal_2011
355,Odontaster_meridionalis,Echinodermata,Benthic,0.08400000000000,Jacob_etal_2011
231,Bostrychopora_dentata,Bryozoa,Benthic,0.08500000000000,Jacob_etal_2011
122,Clavularia_sp,Cnidaria,Benthic,0.08500000000000,Jacob_etal_2011
150,Clavularia_frankliniana,Cnidaria,Benthic,0.08500000000000,Jacob_etal_2011
98,Taeniogyrus_contortus,Echinodermata,Benthic,0.08500000000000,Jacob_etal_2011
399,Psolus_antarcticus,Echinodermata,Benthic,0.08500000000000,Jacob_etal_2011
401,Psolus_dubiosus,Echinodermata,Benthic,0.08500000000000,Jacob_etal_2011
229,Beroe_cucumis,Miscellaneous,Pelagic,0.08500000000000,Jacob_etal_2011
314,Liothyrella_uva,Miscellaneous,Benthic,0.08500000000000,Jacob_etal_2011
315,Liothyrella_uva_antarctica,Miscellaneous,Benthic,0.08500000000000,Jacob_etal_2011
348,Nototanais_antarcticus,Crustacea,Benthic,0.10000000000000,Jacob_etal_2011
349,Nototanais_dimorphus,Crustacea,Benthic,0.10000000000000,Jacob_etal_2011
377,Peraeospinosus_pushkini,Crustacea,Benthic,0.10000000000000,Jacob_etal_2011
100,Clione_antarctica,Gastropoda,Benthic,0.10000000000000,Jacob_etal_2011
318,Luidiaster_gerlachei,Echinodermata,Benthic,0.11000000000000,Jacob_etal_2011
74,Bivalvia,Bivalvia,Benthic,0.11759375000000,Jacob_etal_2011
24,Ophiuroidea,Echinodermata,Benthic,0.12900000000000,Jacob_etal_2011
197,Alcyonidium_sp,Bryozoa,Benthic,0.13000000000000,Jacob_etal_2011
198,Alcyonium_antarcticum,Bryozoa,Benthic,0.13000000000000,Jacob_etal_2011
391,Primnoella_sp,Cnidaria,Benthic,0.13000000000000,Jacob_etal_2011
259,Dentalium _majorinum,Miscellaneous,Benthic,0.13000000000000,Jacob_etal_2011
279,Eusirus_antarcticus,Crustacea,Benthopelagic,0.14000000000000,Jacob_etal_2011
34,Salpa_thompsoni,Salpida,Pelagic,0.14000000000000,Jacob_etal_2011
134,Chiton,Miscellaneous,Benthic,0.14533000000000,Jacob_etal_2011
47,Thysanoessa_macrura,Crustacea,Pelagic,0.15000000000000,Jacob_etal_2011
188,Abyssocucumis_liouvillei,Echinodermata,Benthic,0.15000000000000,Jacob_etal_2011
192,Achlyonice_violaecuspidata,Echinodermata,Benthic,0.15000000000000,Jacob_etal_2011
175,Neobuccinum_eatoni,Gastropoda,Benthic,0.15000000000000,Jacob_etal_2011
169,Siphonophora,Miscellaneous,Benthic,0.15000000000000,"Diphyes_antarctica, from Jacob_etal_2011"
120,Euphausia_frigida,Euphausia,Pelagic,0.17000000000000,Jacob_etal_2011
202,Ammothea_carolinensis,Miscellaneous,Benthic,0.17000000000000,Jacob_etal_2011
407,Rhachotropis_antarctica,Crustacea,Benthopelagic,0.18000000000000,Jacob_etal_2011
242,Cinachyra_antarctica,Porifera,Benthic,0.18000000000000,Jacob_etal_2011
243,Cinachyra_barbata,Porifera,Benthic,0.18000000000000,Jacob_etal_2011
172,Sipunculida,Miscellaneous,Benthic,0.18445392600000,"Golfingia_spp, from Jacob_etal_2011"
427,Tritonia_antarctica,Gastropoda,Benthic,0.19000000000000,Jacob_etal_2011
31,Ctenophora,Miscellaneous,Pelagic,0.19000000000000,"Lyrocteis_flavopallidus, from Jacob_etal_2011"
319,Lyrocteis_flavopallidus,Zooplankton,Pelagic,0.19000000000000,Jacob_etal_2011
179,Cephalodiscus_sp,Miscellaneous,Benthic,0.20000000000000,Jacob_etal_2011
353,Nymphon_gracillimum,Miscellaneous,Benthic,0.20000000000000,Jacob_etal_2011
152,Chorismus_antarcticus,Miscellaneous,Benthic,0.21000000000000,Jacob_etal_2011
168,Primno_macropa,Crustacea,Pelagic,0.24000000000000,Jacob_etal_2011
189,Abyssorchomene_nodimanus,Crustacea,Benthopelagic,0.24000000000000,Jacob_etal_2011
157,Ophiurolepis_gelida,Echinodermata,Benthic,0.28000000000000,Jacob_etal_2011
298,Harpovoluta_charcoti,Gastropoda,Benthic,0.29000000000000,Jacob_etal_2011
352,Nuttallochiton_mirandus,Miscellaneous,Benthic,0.29000000000000,Jacob_etal_2011
402,Pteraster_affinis_aculeatus,Echinodermata,Benthic,0.31000000000000,Jacob_etal_2011
32,Gastropoda,Gastropoda,Benthic,0.31297488888889,Jacob_etal_2011
60,Cyllopus_lucasii,Crustacea,Benthopelagic,0.32000000000000,Jacob_etal_2011
375,Parschisturella_ceruviata ,Crustacea,Benthopelagic,0.32000000000000,Jacob_etal_2011
312,Limopsis_marionensis,Bivalvia,Benthic,0.35000000000000,Jacob_etal_2011
345,Notaeolidia_gigas,Gastropoda,Benthic,0.35000000000000,Jacob_etal_2011
428,Tritoniella_belli,Gastropoda,Benthic,0.35000000000000,Jacob_etal_2011
105,Notocrangon_antarcticus,Miscellaneous,Benthic,0.37000000000000,Jacob_etal_2011
300,Hyperia_macrocephala,Crustacea,Benthopelagic,0.42000000000000,Jacob_etal_2011
363,Ophiurolepis_brevirima,Echinodermata,Benthic,0.42000000000000,Jacob_etal_2011
190,Abyssorchomene_plebs ,Crustacea,Benthopelagic,0.47000000000000,Jacob_etal_2011
332,Melphidippa_antarctica,Crustacea,Benthopelagic,0.47000000000000,Jacob_etal_2011
339,Monoculodes_scabriculosus,Crustacea,Benthopelagic,0.47000000000000,Jacob_etal_2011
396,Pseudorchomene_coatsi,Crustacea,Benthopelagic,0.47000000000000,Jacob_etal_2011
149,Laternula_elliptica,Bivalvia,Benthic,0.55000000000000,Jacob_etal_2011
109,Odontaster_validus,Echinodermata,Benthic,0.57000000000000,Jacob_etal_2011
200,Alomasoma_belyaevi,Polychaeta,Benthic,0.57000000000000,Jacob_etal_2011
66,Liljeborgia_georgiana,Crustacea,Benthopelagic,0.59000000000000,Jacob_etal_2011
177,Aega_antarctica,Crustacea,Benthopelagic,0.59000000000000,Jacob_etal_2011
432,Uristes_gigas,Crustacea,Benthopelagic,0.59000000000000,Jacob_etal_2011
101,Decapoda,Miscellaneous,Benthic,0.59333333333333,Jacob_etal_2011
214,Ascidia_challengeri,Ascidiacea,Benthic,0.69000000000000,Jacob_etal_2011
236,Camptoplites_tricornis,Bryozoa,Benthic,0.69000000000000,Jacob_etal_2011
304,Isoschizoporella_tricuspis,Bryozoa,Benthic,0.69000000000000,Jacob_etal_2011
331,Melicerita_obliqua,Bryozoa,Benthic,0.69000000000000,Jacob_etal_2011
434,Ypsilocucumis_turricata,Echinodermata,Benthic,0.69000000000000,Jacob_etal_2011
389,Pontiothauma_ergata,Gastropoda,Benthic,0.69000000000000,Jacob_etal_2011
274,Epimeriella_walkeri,Crustacea,Benthopelagic,0.73000000000000,Jacob_etal_2011
370,Paramoera_walkeri,Crustacea,Benthopelagic,0.73000000000000,Jacob_etal_2011
414,Solaster_sp,Echinodermata,Benthic,0.75000000000000,Jacob_etal_2011
378,Perknaster_densus,Echinodermata,Benthic,0.78000000000000,Jacob_etal_2011
65,Iphimediella_cyclogena,Crustacea,Benthopelagic,0.81000000000000,Jacob_etal_2011
203,Ampelisca_richardsoni,Crustacea,Benthopelagic,0.81000000000000,Jacob_etal_2011
328,Maxilliphimedia_longipes,Crustacea,Benthopelagic,0.81000000000000,Jacob_etal_2011
356,Oediceroides_calmani,Crustacea,Benthopelagic,0.81000000000000,Jacob_etal_2011
217,Austrocidaris_canaliculata,Echinodermata,Benthic,0.89000000000000,Jacob_etal_2011
288,Golfingia_margaritacea_margaritacea,Miscellaneous,Benthic,0.92000000000000,Jacob_etal_2011
118,Polymastia_invaginata,Porifera,Benthic,0.92000000000000,Jacob_etal_2011
38,Hydrozoa,Cnidaria,Benthic,1.06745714285714,Jacob_etal_2011
346,Notasterias_armata,Echinodermata,Benthic,1.10000000000000,Jacob_etal_2011
102,Euphausia_crystallorophias,Euphausia,Pelagic,1.20000000000000,Jacob_etal_2011
342,Nematocarcinus_lanceopes,Miscellaneous,Benthic,1.20000000000000,Jacob_etal_2011
205,Anthomastus_bathyproctus,Cnidaria,Benthic,1.30000000000000,Jacob_etal_2011
365,Oswaldella_antarctica,Cnidaria,Benthic,1.30000000000000,Jacob_etal_2011
61,Epimeria_macrodonta,Crustacea,Benthopelagic,1.30000000000000,Jacob_etal_2011
91,Waldeckia_obesa,Crustacea,Benthopelagic,1.30000000000000,Jacob_etal_2011
199,Alexandrella_mixta,Crustacea,Benthopelagic,1.30000000000000,Jacob_etal_2011
429,Tryphosella_murrayi,Crustacea,Benthopelagic,1.30000000000000,Jacob_etal_2011
185,Abatus_curvidens,Echinodermata,Benthic,1.40000000000000,Jacob_etal_2011
392,Primnoisis_antarctica,Cnidaria,Benthic,1.50000000000000,Jacob_etal_2011
87,Oithona_sp,Crustacea,Benthopelagic,1.54000000000000,Mayzaud_etal2002
215,Astrochlamys_bruneus,Echinodermata,Benthic,1.60000000000000,Jacob_etal_2011
20,Cumacea,Crustacea,Benthopelagic,1.75000000000000,Jacob_etal_2011
62,Epimeria_robusta,Crustacea,Benthopelagic,1.90000000000000,Jacob_etal_2011
191,Abyssorchomene_rossi,Crustacea,Benthopelagic,1.90000000000000,Jacob_etal_2011
264,Echiniphimedia_hodgsoni,Crustacea,Benthopelagic,1.90000000000000,Jacob_etal_2011
271,Epimeria_georgiana,Crustacea,Benthopelagic,1.90000000000000,Jacob_etal_2011
155,Ophionotus_victoriae,Echinodermata,Benthic,1.90000000000000,Jacob_etal_2011
187,Abatus_shackeltoni,Echinodermata,Benthic,1.90000000000000,Jacob_etal_2011
362,Ophioperla_koehleri,Echinodermata,Benthic,1.90000000000000,Jacob_etal_2011
262,Diplulmaris_antarctica,Cnidaria,Benthic,2.20000000000000,Jacob_etal_2011
406,Reteporella_hippocrepis,Bryozoa,Benthic,2.30000000000000,Jacob_etal_2011
71,Urticinopsis_antarctica,Cnidaria,Benthic,2.30000000000000,Jacob_etal_2011
269,Ekmocucumis_steineni,Echinodermata,Benthic,2.30000000000000,Jacob_etal_2011
270,Ekmocucumis_turqueti,Echinodermata,Benthic,2.30000000000000,Jacob_etal_2011
337,Molpadia_musculus,Echinodermata,Benthic,2.30000000000000,Jacob_etal_2011
13,Homaxinella_balfourensis,Porifera,Benthic,2.30000000000000,Jacob_etal_2011
115,Calyx_arcuarius,Porifera,Benthic,2.30000000000000,Jacob_etal_2011
303,Iophon_radiatus,Porifera,Benthic,2.30000000000000,Jacob_etal_2011
173,Oncaea_curvata,Crustacea,Benthopelagic,2.50000000000000,Mayzaud_etal2002
184,Abatus_cavernosus ,Echinodermata,Benthic,2.70000000000000,Jacob_etal_2011
208,Aporocidaris_milleri,Echinodermata,Benthic,2.70000000000000,Jacob_etal_2011
292,Gorgonocephalus_chilensis,Echinodermata,Benthic,2.70000000000000,Jacob_etal_2011
338,Monocaulus_parvula,Cnidaria,Benthic,2.80000000000000,Jacob_etal_2011
181,Diplasterias_brucei,Echinodermata,Benthic,2.80000000000000,Jacob_etal_2011
142,Sterechinus_neumayeri,Echinodermata,Benthic,2.90000000000000,Jacob_etal_2011
154,Ophiocten_sp,Echinodermata,Benthic,3.00000000000000,Ravelo_etal_2017
253,Ctenocidaris_spinosa,Echinodermata,Benthic,3.10000000000000,Jacob_etal_2011
45,Notolepis_coatsi,Fish,Pelagic,3.10000000000000,Jacob_etal_2011
4,Holothuria_sp,Echinodermata,Benthic,3.16000000000000,Gutt_etal_1991
373,Pareledone_charcoti,Cephalopoda,Pelagic,3.30000000000000,Jacob_etal_2011
415,Solmundella_bitentaculata,Cnidaria,Benthic,3.30000000000000,Jacob_etal_2011
193,Acodontaster_conspicuus,Echinodermata,Benthic,3.30000000000000,Jacob_etal_2011
225,Bathydoris_clavigera,Gastropoda,Benthic,3.40000000000000,Jacob_etal_2011
263,Doris_kerguelenensis,Gastropoda,Benthic,3.40000000000000,Jacob_etal_2011
347,Notocidaris_mortenseni,Echinodermata,Benthic,3.50000000000000,Jacob_etal_2011
226,Bathypanoploea_schellenbergi,Crustacea,Benthopelagic,3.70000000000000,Jacob_etal_2011
273,Epimeria_similis,Crustacea,Benthopelagic,3.70000000000000,Jacob_etal_2011
286,Gnathiphimedia_mandibularis,Crustacea,Benthopelagic,3.70000000000000,Jacob_etal_2011
186,Abatus_nimrodi,Echinodermata,Benthic,3.70000000000000,Jacob_etal_2011
245,Colossendeis_sp,Miscellaneous,Benthic,3.70000000000000,Jacob_etal_2011
320,Lysasterias_perrieri,Echinodermata,Benthic,3.90000000000000,Jacob_etal_2011
93,Barrukia_cristata,Polychaeta,Benthic,3.90000000000000,Jacob_etal_2011
420,Synoicum_adareanum,Ascidiacea,Benthic,4.10000000000000,Jacob_etal_2011
216,Astrotoma_agassizii,Echinodermata,Benthic,4.20000000000000,Jacob_etal_2011
63,Eunoe_spica,Polychaeta,Benthic,4.20000000000000,Jacob_etal_2011
30,Bryozoa,Bryozoa,Benthic,4.62000000000000,Jacob_etal_2011
276,Eucopia_australis,Crustacea,Benthopelagic,4.70000000000000,Jacob_etal_2011
95,Eucranta_mollis,Polychaeta,Benthic,4.70000000000000,Jacob_etal_2011
227,Bathyplotes_bongraini,Echinodermata,Benthic,4.80000000000000,Jacob_etal_2011
228,Bathyplotes_gourdoni,Echinodermata,Benthic,4.80000000000000,Jacob_etal_2011
317,Lophaster_gaini,Echinodermata,Benthic,5.30000000000000,Jacob_etal_2011
9,Euphausia_superba,Euphausia,Pelagic,5.50000000000000,Jacob_etal_2011
207,Aplidium_vastum ,Ascidiacea,Benthic,5.60000000000000,Jacob_etal_2011
247,Corella_eumyota,Ascidiacea,Benthic,5.60000000000000,Jacob_etal_2011
343,Nematoflustra_flagellata,Bryozoa,Benthic,5.60000000000000,Jacob_etal_2011
46,Protomyctophum_bolini,Fish,Pelagic,5.60000000000000,Jacob_etal_2011
234,Callianira_antarctica,Miscellaneous,Pelagic,5.60000000000000,Jacob_etal_2011
333,Mertensiidae,Miscellaneous,Pelagic,5.60000000000000,"Callianira_antarctica, Jacob_etal_2011"
12,Haliclona_dancoi,Porifera,Benthic,5.60000000000000,Jacob_etal_2011
116,Haliclona_tenella,Porifera,Benthic,5.60000000000000,Jacob_etal_2011
117,Isodyctia_setifera,Porifera,Benthic,5.60000000000000,Jacob_etal_2011
376,Pemmatoporella_sp,Bryozoa,Benthic,5.74000000000000,Jacob_etal_2011
239,Cellarinella_sp,Bryozoa,Benthic,5.74250000000000,Jacob_etal_2011
296,Harmothoe_crosetensis,Polychaeta,Benthic,5.80000000000000,Jacob_etal_2011
78,Echinoidea,Echinodermata,Benthic,6.02230769230769,Jacob_etal_2011
297,Harmothoe_spinosa,Polychaeta,Benthic,6.10000000000000,Jacob_etal_2011
357,Oediceroides_emarginatus,Crustacea,Benthopelagic,6.40000000000000,Jacob_etal_2011
369,Paraceradocus_gibber,Crustacea,Benthopelagic,6.40000000000000,Jacob_etal_2011
219,Axociella_nidificata,Porifera,Benthic,6.50000000000000,Jacob_etal_2011
170,Ascidiacea,Ascidiacea,Benthic,6.99833333333333,Jacob_etal_2011
278,Eunoe_spica_spicoides,Polychaeta,Benthic,7.10000000000000,Jacob_etal_2011
156,Ophiosparte_gigas,Echinodermata,Benthic,7.50000000000000,Jacob_etal_2011
224,Bathybiaster_loripes,Echinodermata,Benthic,7.90000000000000,Jacob_etal_2011
416,Sterechinus_antarcticus,Echinodermata,Benthic,8.50000000000000,Jacob_etal_2011
84,Asteroidea,Echinodermata,Benthic,9.03205555555556,Jacob_etal_2011
182,Perknaster_fuscus,Echinodermata,Benthic,9.80000000000000,Jacob_etal_2011
379,Perknaster_fuscus_antarcticus,Echinodermata,Benthic,9.80000000000000,Jacob_etal_2011
272,Epimeria_rubrieques,Crustacea,Benthopelagic,10.00000000000000,Jacob_etal_2011
88,Oncaea_sp,Crustacea,Benthopelagic,10.00000000000000,"Oncaea_antarctica, from Mayzaud_etal_2002"
336,Molgula_pedunculata,Ascidiacea,Benthic,11.00000000000000,Jacob_etal_2011
210,Arcturidae,Crustacea,Benthopelagic,11.52400000000000,Jacob_etal_2011
15,Mycale_acerata,Porifera,Benthic,12.00000000000000,Jacob_etal_2011
409,Rossella_antarctica,Porifera,Benthic,12.00000000000000,Jacob_etal_2011
204,Antarctomysis_maxima,Crustacea,Benthopelagic,13.00000000000000,Jacob_etal_2011
22,Mysida,Crustacea,Benthopelagic,13.00000000000000,"Antarctomysis_maxima, from Jacob_etal_2011"
180,Dolloidraco_longedorsalis,Fish,Demersal,13.00000000000000,Jacob_etal_2011
143,Cnemidocarpa_verrucosa,Ascidiacea,Benthic,15.00000000000000,Jacob_etal_2011
174,Ceratoserolis_meridionalis,Crustacea,Benthopelagic,15.00000000000000,Jacob_etal_2011
281,Frontoserolis_bouvieri,Crustacea,Benthopelagic,15.00000000000000,Jacob_etal_2011
252,Ctenocidaris_perrieri,Echinodermata,Benthic,15.00000000000000,Jacob_etal_2011
323,Macroptychaster_accrescens,Echinodermata,Benthic,15.00000000000000,Jacob_etal_2011
397,Psilaster_charcoti,Echinodermata,Benthic,15.00000000000000,Jacob_etal_2011
388,Polyeunoa_laevis,Polychaeta,Benthic,15.00000000000000,Jacob_etal_2011
250,Ctenocidaris_gigantea,Echinodermata,Benthic,16.00000000000000,Jacob_etal_2011
251,Ctenocidaris_gilberti,Echinodermata,Benthic,16.00000000000000,Jacob_etal_2011
5,Octopoda,Cephalopoda,Pelagic,16.15000000000000,Jacob_etal_2011
254,Cuenotaster_involutus,Echinodermata,Benthic,17.00000000000000,Jacob_etal_2011
211,Artedidraco_loennbergi,Fish,Demersal,17.00000000000000,Jacob_etal_2011
280,Eusirus_perdentatus,Crustacea,Benthopelagic,19.00000000000000,Jacob_etal_2011
42,Gymnoscopelus_braueri,Fish,Pelagic,25.00000000000000,Jacob_etal_2011
53,Myctophidae,Fish,Pelagic,26.40000000000000,Jacob_etal_2011
110,Bathylagus_antarcticus,Fish,Pelagic,27.00000000000000,Jacob_etal_2011
145,Alluroteuthis_antarcticus,Cephalopoda,Pelagic,29.00000000000000,Jacob_etal_2011
372,Pareledone_antarctica,Cephalopoda,Pelagic,29.00000000000000,Jacob_etal_2011
421,Systenopora_contracta,Bryozoa,Benthic,30.00000000000000,Jacob_etal_2011
18,Tetilla_leptoderma,Porifera,Benthic,30.00000000000000,Jacob_etal_2011
43,Gymnoscopelus_opisthopterus,Fish,Pelagic,36.00000000000000,Jacob_etal_2011
111,Harpagifer_antarcticus,Fish,Demersal,36.00000000000000,Jacob_etal_2011
39,Electrona_antarctica,Fish,Pelagic,39.00000000000000,Jacob_etal_2011
138,Scyphozoa,Cnidaria,Benthic,41.10000000000000,Jacob_etal_2011
14,Kirkpatrickia_variolosa,Porifera,Benthic,45.00000000000000,Jacob_etal_2011
16,Rossella_racovitzae,Porifera,Benthic,45.00000000000000,Jacob_etal_2011
419,Stylocordyla_borealis,Porifera,Benthic,45.00000000000000,Jacob_etal_2011
139,Aethotaxis_mitopteryx,Fish,Benthopelagic,49.00000000000000,Jacob_etal_2011
129,Eurythenes_gryllus,Crustacea,Benthopelagic,50.00000000000000,Jacob_etal_2011
130,Glyptonotus_antarcticus,Crustacea,Benthopelagic,50.00000000000000,Jacob_etal_2011
218,Austrosignum_grande,Crustacea,Benthopelagic,50.00000000000000,Jacob_etal_2011
178,Eunoe_hartmanae,Polychaeta,Benthic,57.00000000000000,Jacob_etal_2011
393,Prionodraco_evansii,Fish,Demersal,64.00000000000000,Jacob_etal_2011
260,Desmonema_glaciale,Cnidaria,Benthic,80.00000000000000,Jacob_etal_2011
385,Pogonophryne_permitini,Fish,Demersal,80.00000000000000,Jacob_etal_2011
367,Pagetopsis_maculatus,Fish,Demersal,81.00000000000000,Jacob_etal_2011
306,Labidiaster_annulatus,Echinodermata,Benthic,86.00000000000000,Jacob_etal_2011
148,Trematomus_scotti,Fish,Demersal,95.00000000000000,Jacob_etal_2011
212,Artedidraco_orianae,Fish,Demersal,95.00000000000000,Jacob_etal_2011
213,Artedidraco_shackletoni,Fish,Demersal,95.00000000000000,Jacob_etal_2011
158,Promachocrinus_kerguelensis,Echinodermata,Benthic,98.00000000000000,Jacob_etal_2011
206,Anthometra_adriani,Echinodermata,Benthic,98.00000000000000,Jacob_etal_2011
123,Crinoidea,Echinodermata,Benthic,98.00000000000000,Jacob_etal_2011
49,Chionodraco_sp,Fish,Demersal,107.80000000000000,Jacob_etal_2011
52,Gymnoscopelus_nicholsi,Fish,Pelagic,110.00000000000000,Jacob_etal_2011
97,Laetmonice_producta,Polychaeta,Benthic,110.00000000000000,Jacob_etal_2011
424,Trematomus_lepidorhinus ,Fish,Benthopelagic,150.00000000000000,Jacob_etal_2011
366,Pachyptila_desolata,Aves,Land-based,170.00000000000000,Jacob_etal_2011
383,Pogonophryne_barsukovi,Fish,Demersal,190.00000000000000,Jacob_etal_2011
384,Pogonophryne_marmorata,Fish,Demersal,190.00000000000000,Jacob_etal_2011
403,Pterodroma_brevirostris,Aves,Land-based,196.00000000000000,Jacob_etal_2011
96,Eulagisca_gigantea,Polychaeta,Benthic,200.00000000000000,Jacob_etal_2011
48,Chaenodraco_wilsoni,Fish,Benthopelagic,210.00000000000000,Jacob_etal_2011
10,Copepoda,Crustacea,Benthopelagic,214.03000000000000,Jacob_etal_2011
161,Halobaena_caerulea,Aves,Land-based,230.00000000000000,Jacob_etal_2011
386,Pogonophryne_phyllopogon,Fish,Demersal,230.00000000000000,Jacob_etal_2011
423,Trematomus_bernacchii,Fish,Demersal,240.00000000000000,Jacob_etal_2011
59,Tanaidacea,Crustacea,Benthopelagic,240.03500000000000,Jacob_etal_2011
425,Trematomus_loennbergii,Fish,Benthopelagic,250.00000000000000,Jacob_etal_2011
283,Gerlachea_australis,Fish,Benthopelagic,260.00000000000000,Jacob_etal_2011
25,Pleuragramma_antarcticum,Fish,Demersal,300.00000000000000,Jacob_etal_2011
140,Trematomus_hansoni,Fish,Benthopelagic,300.00000000000000,Jacob_etal_2011
147,Trematomus_pennellii,Fish,Demersal,300.00000000000000,Jacob_etal_2011
119,Rossella_nuda,Porifera,Benthic,300.00000000000000,Jacob_etal_2011
72,Coelenterata,Miscellaneous,Pelagic,314.83792277537300,Jacob_etal_2011
77,Cnidaria,Cnidaria,Benthic,328.51826724386700,Jacob_etal_2011
44,Kondakovia_longimana,Cephalopoda,Pelagic,330.00000000000000,Jacob_etal_2011
141,Martialia_hyadesi,Cephalopoda,Pelagic,330.00000000000000,Jacob_etal_2011
257,Dacodraco_hunteri,Fish,Demersal,330.00000000000000,Jacob_etal_2011
240,Chionodraco_myersi,Fish,Demersal,370.00000000000000,Jacob_etal_2011
417,Sterna_paradisaea,Aves,Land-based,380.00000000000000,Jacob_etal_2011
11,Porifera,Porifera,Benthic,412.40000000000000,Jacob_etal_2011
418,Sterna_vittata,Aves,Land-based,420.00000000000000,Jacob_etal_2011
405,Racovitzia_glacialis,Fish,Demersal,430.00000000000000,Jacob_etal_2011
387,Pogonophryne_scotti,Fish,Demersal,440.00000000000000,Jacob_etal_2011
57,Trematomus_eulepidotus,Fish,Benthopelagic,480.00000000000000,Jacob_etal_2011
6,Polychaeta,Polychaeta,Benthic,499.60000000000000,Jacob_etal_2011
19,Amphipoda,Crustacea,Benthopelagic,593.20000000000000,Jacob_etal_2011
354,Oceanites_oceanicus,Aves,Land-based,600.00000000000000,Jacob_etal_2011
394,Procellaria_aequinoctialis,Aves,Land-based,600.00000000000000,Jacob_etal_2011
58,Actinaria,Cnidaria,Benthic,645.05000000000000,Jacob_etal_2011
70,Anthozoa,Cnidaria,Benthic,645.05122222222200,Jacob_etal_2011
426,Trematomus_nicolai,Fish,Benthopelagic,660.00000000000000,Jacob_etal_2011
104,Scaphopoda,Miscellaneous,Benthic,720.00000000000000,Jacob_etal_2011
17,Scolymastra_joubini,Porifera,Benthic,720.00000000000000,Jacob_etal_2011
255,Cygnodraco_mawsoni,Fish,Demersal,760.00000000000000,Jacob_etal_2011
26,Psychroteuthis_glacialis,Cephalopoda,Pelagic,770.00000000000000,Jacob_etal_2011
8,Crustacea,Crustacea,Benthopelagic,834.06000000000000,Jacob_etal_2011
41,Gonatus_antarcticus,Cephalopoda,Pelagic,850.00000000000000,Jacob_etal_2011
113,Moroteuthis_ingens,Cephalopoda,Pelagic,850.00000000000000,Jacob_etal_2011
114,Vampyroteuthis,Cephalopoda,Pelagic,862.25000000000000,Jacob_etal_2011
56,Pygoscelis_adeliae,Aves,Land-based,880.00000000000000,Jacob_etal_2011
144,Chionodraco_hamatus,Fish,Demersal,1100.00000000000000,Jacob_etal_2011
3,Fish,Fish,Demersal,1299.00000000000000,Jacob_etal_2011
249,Cryodraco_antarcticus,Fish,Demersal,1300.00000000000000,Jacob_etal_2011
293,Gymnodraco_acuticeps,Fish,Demersal,1400.00000000000000,Jacob_etal_2011
83,Adamussium_colbecki,Bivalvia,Benthic,1600.00000000000000,Stockton_1984
40,Galiteuthis_glacialis,Cephalopoda,Pelagic,1800.00000000000000,Jacob_etal_2011
350,Notothenia_coriiceps,Fish,Demersal,2000.00000000000000,Jacob_etal_2011
81,Champsocephalus_gunnari ,Fish,Pelagic,2200.00000000000000,Jacob_etal_2011
55,Nototheniidae,Fish,Demersal,2878.69000000000000,Jacob_etal_2011
309,Lepidonotothen_nudifrons,Fish,Demersal,2878.77000000000000,Jacob_etal_2011
324,Macrourus_holotrachis,Fish,Benthopelagic,3800.00000000000000,Jacob_etal_2011
368,Pagodroma_nivea,Aves,Land-based,4000.00000000000000,Jacob_etal_2011
21,Isopoda,Crustacea,Benthopelagic,4073.33000000000000,Jacob_etal_2011
322,Macronectes_halli,Aves,Land-based,4100.00000000000000,Jacob_etal_2011
321,Macronectes_giganteus,Aves,Land-based,4700.00000000000000,Jacob_etal_2011
112,Macrourus_whitsoni,Fish,Benthopelagic,5100.00000000000000,Jacob_etal_2011
258,Daption_capense,Aves,Land-based,5500.00000000000000,Jacob_etal_2011
284,Gersemia_antarctica,Cnidaria,Benthic,5800.00000000000000,Jacob_etal_2011
223,Baseodiscus_antarcticus,Miscellaneous,Benthic,5800.00000000000000,Jacob_etal_2011
313,Lineus_longifissus,Miscellaneous,Benthic,5800.00000000000000,Jacob_etal_2011
371,Parborlasia_corrugatus,Miscellaneous,Benthic,5800.00000000000000,Jacob_etal_2011
108,Nemertini,Miscellaneous,Benthic,5800.00000000000000,"Parborlasia_corrugatus, from Jacob_etal_2011"
351,Notothenia_marmorata,Fish,Demersal,8600.00000000000000,Jacob_etal_2011
82,Squid,Cephalopoda,Pelagic,10532.14090909090000,Jacob_etal_2011
209,Aptenodytes_forsteri,Aves,Land-based,11000.00000000000000,Jacob_etal_2011
282,Fulmarus_glacialoides,Aves,Land-based,14000.00000000000000,Jacob_etal_2011
50,Dissostichus_mawsoni,Fish,Pelagic,24000.00000000000000,Jacob_etal_2011
146,Mesonychoteuthis_hamiltoni,Cephalopoda,Pelagic,110000.00000000000000,Jacob_etal_2011
307,Lagenorhynchus_cruciger,Cetacea,Pelagic,240000.00000000000000,Jacob_etal_2011
159,Arctocephalus_gazella ,Pinnipedia,Land-based,320000.00000000000000,Jacob_etal_2011
166,Ommatophoca_rossii ,Pinnipedia,Land-based,370000.00000000000000,Jacob_etal_2011
164,Lobodon_carcinophagus ,Pinnipedia,Land-based,750000.00000000000000,Jacob_etal_2011
163,Leptonychotes_weddelli,Pinnipedia,Land-based,770000.00000000000000,Jacob_etal_2011
162,Hydrurga_leptonyx ,Pinnipedia,Land-based,1400000.00000000000000,Jacob_etal_2011
220,Balaenoptera_musculus,Cetacea,Pelagic,1900000.00000000000000,Jacob_etal_2011
431,Tursiops_truncatus,Cetacea,Pelagic,2300000.00000000000000,Jacob_etal_2011
364,Orcinus_orca,Cetacea,Pelagic,4000000.00000000000000,Jacob_etal_2011
165,Mirounga_leonina ,Pinnipedia,Land-based,5000000.00000000000000,Jacob_etal_2011
160,Balaenoptera_acutorostrata,Cetacea,Pelagic,5200000.00000000000000,Jacob_etal_2011
221,Balaenoptera_physalus,Cetacea,Pelagic,8600000.00000000000000,Jacob_etal_2011
381,Physeter_macrocephalus,Cetacea,Pelagic,25000000.00000000000000,Jacob_etal_2011
330,Megaptera_novaeangliae,Cetacea,Pelagic,28000000.00000000000000,Jacob_etal_2011
36,Bacteria,Miscellaneous,Benthic,0.00000000000002,"Fragilariopsis_sp, from Jacob_etal_2011"