Prey_name,Pred_name
Detritus,Abatus_cavernosus 
Detritus,Abatus_curvidens
Detritus,Abatus_nimrodi
Detritus,Abatus_shackeltoni
Detritus,Abyssocucumis_liouvillei
Phytoplankton,Abyssocucumis_liouvillei
Detritus,Abyssorchomene_nodimanus
Fish,Abyssorchomene_nodimanus
Holothuria_sp,Abyssorchomene_nodimanus
Octopoda,Abyssorchomene_nodimanus
Polychaeta,Abyssorchomene_nodimanus
Bacillariophyta,Abyssorchomene_plebs 
Crustacea,Abyssorchomene_plebs 
Detritus,Abyssorchomene_plebs 
Euphausia_superba,Abyssorchomene_plebs 
Bacillariophyta,Abyssorchomene_rossi
Copepoda,Abyssorchomene_rossi
Detritus,Abyssorchomene_rossi
Polychaeta,Abyssorchomene_rossi
Porifera,Abyssorchomene_rossi
Detritus,Achlyonice_violaecuspidata
Haliclona_dancoi,Acodontaster_conspicuus
Homaxinella_balfourensis,Acodontaster_conspicuus
Kirkpatrickia_variolosa,Acodontaster_conspicuus
Mycale_acerata,Acodontaster_conspicuus
Rossella_racovitzae,Acodontaster_conspicuus
Scolymastra_joubini,Acodontaster_conspicuus
Tetilla_leptoderma,Acodontaster_conspicuus
Detritus,Aega_antarctica
Porifera,Aegires_albus
Amphipoda,Aethotaxis_mitopteryx
Copepoda,Aethotaxis_mitopteryx
Crustacea,Aethotaxis_mitopteryx
Cumacea,Aethotaxis_mitopteryx
Isopoda,Aethotaxis_mitopteryx
Mysida,Aethotaxis_mitopteryx
Polychaeta,Aethotaxis_mitopteryx
Bacillariophyta,Alacia_belgicae
Detritus,Alacia_belgicae
Phytoplankton,Alacia_belgicae
Bacillariophyta,Alacia_hettacra
Detritus,Alacia_hettacra
Phytoplankton,Alacia_hettacra
Bacillariophyta,Alcyonidium_sp
Detritus,Alcyonidium_sp
Nanoplankton,Alcyonidium_sp
Phytoplankton,Alcyonium_antarcticum
Ophiuroidea,Alexandrella_mixta
Euphausia_superba,Alluroteuthis_antarcticus
Pleuragramma_antarcticum,Alluroteuthis_antarcticus
Psychroteuthis_glacialis,Alluroteuthis_antarcticus
Detritus,Alomasoma_belyaevi
Cyclocardia_astartoides,Amauropsis_rossiana
Euphausia_superba,Amauropsis_rossiana
Philobrya_sublaevis,Amauropsis_rossiana
Trophon_longstaffi,Amauropsis_rossiana
Bryozoa,Ammothea_carolinensis
Ctenophora,Ammothea_carolinensis
Gastropoda,Ammothea_carolinensis
Ophiuroidea,Ammothea_carolinensis
Polychaeta,Ammothea_carolinensis
Porifera,Ammothea_carolinensis
Bacillariophyta,Ampelisca_richardsoni
Detritus,Ampelisca_richardsoni
Bacillariophyta,Antarctomysis_maxima
Detritus,Antarctomysis_maxima
Zooplankton,Antarctomysis_maxima
Bacillariophyta,Anthomastus_bathyproctus
Detritus,Anthomastus_bathyproctus
Salpa_thompsoni,Anthomastus_bathyproctus
Detritus,Anthometra_adriani
Phytoplankton,Anthometra_adriani
Sediment,Anthometra_adriani
Bacillariophyta,Aplidium_vastum 
Bacteria,Aplidium_vastum 
Detritus,Aplidium_vastum 
Nanoplankton,Aplidium_vastum 
Amphipoda,Aporocidaris_milleri
Foraminifera,Aporocidaris_milleri
Gastropoda,Aporocidaris_milleri
Hydrozoa,Aporocidaris_milleri
Polychaeta,Aporocidaris_milleri
Electrona_antarctica,Aptenodytes_forsteri
Euphausia_superba,Aptenodytes_forsteri
Fish,Aptenodytes_forsteri
Galiteuthis_glacialis,Aptenodytes_forsteri
Gonatus_antarcticus,Aptenodytes_forsteri
Gymnoscopelus_braueri,Aptenodytes_forsteri
Gymnoscopelus_opisthopterus,Aptenodytes_forsteri
Kondakovia_longimana,Aptenodytes_forsteri
Notolepis_coatsi,Aptenodytes_forsteri
Protomyctophum_bolini,Aptenodytes_forsteri
Psychroteuthis_glacialis,Aptenodytes_forsteri
Thysanoessa_macrura,Aptenodytes_forsteri
Amphipoda,Arctocephalus_gazella 
Chaenodraco_wilsoni,Arctocephalus_gazella 
Chionodraco_sp,Arctocephalus_gazella 
Dissostichus_mawsoni,Arctocephalus_gazella 
Electrona_antarctica,Arctocephalus_gazella 
Euphausiacea,Arctocephalus_gazella 
Fish,Arctocephalus_gazella 
Gymnoscopelus_braueri,Arctocephalus_gazella 
Gymnoscopelus_nicholsi,Arctocephalus_gazella 
Myctophidae,Arctocephalus_gazella 
Nematoda,Arctocephalus_gazella 
Nototheniidae,Arctocephalus_gazella 
Pleuragramma_antarcticum,Arctocephalus_gazella 
Protomyctophum_bolini,Arctocephalus_gazella 
Pygoscelis_adeliae,Arctocephalus_gazella 
Trematomus_eulepidotus,Arctocephalus_gazella 
Detritus,Arcturidae
Actinaria,Artedidraco_loennbergi
Amphipoda,Artedidraco_loennbergi
Copepoda,Artedidraco_loennbergi
Crustacea,Artedidraco_loennbergi
Cumacea,Artedidraco_loennbergi
Gastropoda,Artedidraco_loennbergi
Isopoda,Artedidraco_loennbergi
Polychaeta,Artedidraco_loennbergi
Tanaidacea,Artedidraco_loennbergi
Copepoda,Artedidraco_orianae
Cyllopus_lucasii,Artedidraco_orianae
Epimeria_macrodonta,Artedidraco_orianae
Epimeria_robusta,Artedidraco_orianae
Eunoe_spica,Artedidraco_orianae
Euphausiacea,Artedidraco_orianae
Gnathia_calva,Artedidraco_orianae
Iphimediella_cyclogena,Artedidraco_orianae
Isopoda,Artedidraco_orianae
Liljeborgia_georgiana,Artedidraco_orianae
Natatolana_obtusata,Artedidraco_orianae
Ostracoda,Artedidraco_orianae
Pantopoda,Artedidraco_orianae
Polychaeta,Artedidraco_orianae
Amphipoda,Artedidraco_shackletoni
Anthozoa,Artedidraco_shackletoni
Crustacea,Artedidraco_shackletoni
Crustacea,Artedidraco_shackletoni
Cumacea,Artedidraco_shackletoni
Gastropoda,Artedidraco_shackletoni
Isopoda,Artedidraco_shackletoni
Isopoda,Artedidraco_shackletoni
Ostracoda,Artedidraco_shackletoni
Polychaeta,Artedidraco_shackletoni
Polychaeta,Artedidraco_shackletoni
Urticinopsis_antarctica,Artedidraco_shackletoni
Bacillariophyta,Ascidia_challengeri
Bacteria,Ascidia_challengeri
Detritus,Ascidia_challengeri
Nanoplankton,Ascidia_challengeri
Coelenterata,Astrochlamys_bruneus
Euchaeta_antarctica,Astrochlamys_bruneus
Zooplankton,Astrochlamys_bruneus
Bacillariophyta,Astrotoma_agassizii
Bivalvia,Astrotoma_agassizii
Bryozoa,Astrotoma_agassizii
Calanoides_acutus,Astrotoma_agassizii
Calanus_propinquus,Astrotoma_agassizii
Cnidaria,Astrotoma_agassizii
Crustacea,Astrotoma_agassizii
Detritus,Astrotoma_agassizii
Echinoidea,Astrotoma_agassizii
Euchaeta_antarctica,Astrotoma_agassizii
Eukrohnia_hamata,Astrotoma_agassizii
Euphausiacea,Astrotoma_agassizii
Fish,Astrotoma_agassizii
Foraminifera,Astrotoma_agassizii
Holothuria_sp,Astrotoma_agassizii
Hydrozoa,Astrotoma_agassizii
Mysida,Astrotoma_agassizii
Ostracoda,Astrotoma_agassizii
Polychaeta,Astrotoma_agassizii
Porifera,Astrotoma_agassizii
Sediment,Astrotoma_agassizii
SilicioZooplankton,Astrotoma_agassizii
Zooplankton,Astrotoma_agassizii
Foraminifera,Austrocidaris_canaliculata
Gastropoda,Austrocidaris_canaliculata
Bacillariophyta,Austrosisignum_grande
Detritus,Austrosisignum_grande
Bacteria,Axociella_nidificata
Detritus,Axociella_nidificata
Phytoplankton,Axociella_nidificata
Euphausiacea,Balaenoptera_acutorostrata
Fish,Balaenoptera_acutorostrata
Myctophidae,Balaenoptera_acutorostrata
Zooplankton,Balaenoptera_acutorostrata
Champsocephalus_gunnari,Balaenoptera_musculus
Dissostichus_mawsoni,Balaenoptera_musculus
Euphausiacea,Balaenoptera_musculus
Fish,Balaenoptera_musculus
Myctophidae,Balaenoptera_musculus
Squid,Balaenoptera_musculus
Zooplankton,Balaenoptera_musculus
Champsocephalus_gunnari,Balaenoptera_physalus
Dissostichus_mawsoni,Balaenoptera_physalus
Euphausiacea,Balaenoptera_physalus
Fish,Balaenoptera_physalus
Myctophidae,Balaenoptera_physalus
Squid,Balaenoptera_physalus
Zooplankton,Balaenoptera_physalus
Euphausiacea,Bargmannia_sp
Zooplankton,Bargmannia_sp
Bivalvia,Barrukia_cristata
Detritus,Barrukia_cristata
Ophiuroidea,Barrukia_cristata
Polychaeta,Barrukia_cristata
Actinaria,Baseodiscus_antarcticus
Adamussium_colbecki,Baseodiscus_antarcticus
Asteroidea,Baseodiscus_antarcticus
Bacillariophyta,Baseodiscus_antarcticus
Bivalvia,Baseodiscus_antarcticus
Crustacea,Baseodiscus_antarcticus
Ctenophora,Baseodiscus_antarcticus
Fish,Baseodiscus_antarcticus
Homaxinella_balfourensis,Baseodiscus_antarcticus
Polychaeta,Baseodiscus_antarcticus
Porifera,Baseodiscus_antarcticus
Detritus,Bathybiaster_loripes
Anthozoa,Bathydoris_clavigera
Echinoidea,Bathydoris_clavigera
Foraminifera,Bathydoris_clavigera
Hydrozoa,Bathydoris_clavigera
Porifera,Bathydoris_clavigera
Sediment,Bathydoris_clavigera
Urticinopsis_antarctica,Bathydoris_clavigera
Coelenterata,Bathylagus_antarcticus
Copepoda,Bathylagus_antarcticus
Euchaeta_antarctica,Bathylagus_antarcticus
Eukrohnia_hamata,Bathylagus_antarcticus
Euphausia_superba,Bathylagus_antarcticus
Foraminifera,Bathylagus_antarcticus
Limacina_helicina,Bathylagus_antarcticus
Metridia_gerlachei,Bathylagus_antarcticus
Oithona_sp,Bathylagus_antarcticus
Oncaea_sp,Bathylagus_antarcticus
Pelagobia_longicirrata,Bathylagus_antarcticus
Sagitta_marri,Bathylagus_antarcticus
Zooplankton,Bathylagus_antarcticus
Anthozoa,Bathypanoploea_schellenbergi
Bacillariophyta,Bathypanoploea_schellenbergi
Bryozoa,Bathypanoploea_schellenbergi
Crustacea,Bathypanoploea_schellenbergi
Holothuria_sp,Bathypanoploea_schellenbergi
Urticinopsis_antarctica,Bathypanoploea_schellenbergi
Detritus,Bathyplotes_bongraini
Detritus,Bathyplotes_gourdoni
Ctenophora,Beroe_cucumis
Pelagobia_longicirrata,Beroe_cucumis
Bacillariophyta,Boroecia_antipoda
Detritus,Boroecia_antipoda
Phytoplankton,Boroecia_antipoda
Bacillariophyta,Bostrychopora_dentata
Detritus,Bostrychopora_dentata
Nanoplankton,Bostrychopora_dentata
Waldeckia_obesa,Bovallia_gigantea
Bacillariophyta,Cadulus_dalli_antarcticum
Detritus,Cadulus_dalli_antarcticum
Bacillariophyta,Calanoides_acutus
Copepoda,Calanoides_acutus
Oithona_sp,Calanoides_acutus
Oncaea_sp,Calanoides_acutus
Pelagobia_longicirrata,Calanoides_acutus
SilicioZooplankton,Calanoides_acutus
Tintinnidae,Calanoides_acutus
Zooplankton,Calanoides_acutus
Bacillariophyta,Calanus_propinquus
Coelenterata,Calanus_propinquus
Copepoda,Calanus_propinquus
Euchaeta_antarctica,Calanus_propinquus
Oithona_sp,Calanus_propinquus
SilicioZooplankton,Calanus_propinquus
Tintinnidae,Calanus_propinquus
Zooplankton,Calanus_propinquus
Copepoda,Callianira_antarctica
Zooplankton,Callianira_antarctica
Bryozoa,Callochiton_gaussi
Bacteria,Calyx_arcuarius
Detritus,Calyx_arcuarius
Phytoplankton,Calyx_arcuarius
Bacillariophyta,Camptoplites_tricornis
Detritus,Camptoplites_tricornis
Nanoplankton,Camptoplites_tricornis
Bacillariophyta,Campylaspis_maculata
Bacillariophyta,Cassidulinoides_parkeriana
Detritus,Cassidulinoides_parkeriana
Sediment,Cassidulinoides_parkeriana
Bacillariophyta,Cellarinella_sp
Detritus,Cellarinella_sp
Nanoplankton,Cellarinella_sp
Detritus,Cephalodiscus_sp
Crustacea,Ceratoserolis_meridionalis
Polychaeta,Ceratoserolis_meridionalis
Euphausiacea,Chaenodraco_wilsoni
Mysida,Chaenodraco_wilsoni
Copepoda,Chionodraco_hamatus
Euphausiacea,Chionodraco_hamatus
Fish,Chionodraco_hamatus
Euphausiacea,Chionodraco_myersi
Fish,Chionodraco_myersi
Amphipoda,Chorismus_antarcticus
Bacillariophyta,Chorismus_antarcticus
Barrukia_cristata,Chorismus_antarcticus
Corethron_sp,Chorismus_antarcticus
Eucranta_mollis,Chorismus_antarcticus
Eulagisca_gigantea,Chorismus_antarcticus
Eunoe_spica,Chorismus_antarcticus
Foraminifera,Chorismus_antarcticus
Gastropoda,Chorismus_antarcticus
Isopoda,Chorismus_antarcticus
Laetmonice_producta,Chorismus_antarcticus
Nematoda,Chorismus_antarcticus
Polychaeta,Chorismus_antarcticus
Porifera,Chorismus_antarcticus
Taeniogyrus_contortus,Chorismus_antarcticus
Yoldia_eightsi,Chorismus_antarcticus
Zooplankton,Chorismus_antarcticus
Bacillariophyta,Cibicides_refulgens
Detritus,Cibicides_refulgens
Sediment,Cibicides_refulgens
Bacteria,Cinachyra_antarctica
Detritus,Cinachyra_antarctica
Phytoplankton,Cinachyra_antarctica
Bacteria,Cinachyra_barbata
Detritus,Cinachyra_barbata
Phytoplankton,Cinachyra_barbata
Bacillariophyta,Clavularia_frankliniana
Foraminifera,Clavularia_frankliniana
Nematoda,Clavularia_frankliniana
Phytoplankton,Clavularia_frankliniana
Zooplankton,Clavularia_frankliniana
Copepoda,Clio_pyramidata
Gnathia_calva,Clio_pyramidata
Oithona_sp,Clio_pyramidata
Pelagobia_longicirrata,Clio_pyramidata
Clione_antarctica,Clione_antarctica
Limacina_helicina,Clione_antarctica
Clione_antarctica,Clione_limacina
Limacina_helicina,Clione_limacina
Bacillariophyta,Cnemidocarpa_verrucosa
Bacteria,Cnemidocarpa_verrucosa
Detritus,Cnemidocarpa_verrucosa
Nanoplankton,Cnemidocarpa_verrucosa
Bryozoa,Colossendeis_sp
Ctenophora,Colossendeis_sp
Gastropoda,Colossendeis_sp
Ophiuroidea,Colossendeis_sp
Polychaeta,Colossendeis_sp
Porifera,Colossendeis_sp
Detritus,Composothyris_racovitzae
Bacillariophyta,Corella_eumyota
Bacteria,Corella_eumyota
Detritus,Corella_eumyota
Nanoplankton,Corella_eumyota
Detritus,Crania_lecointei
Euphausiacea,Cryodraco_antarcticus
Pleuragramma_antarcticum,Cryodraco_antarcticus
Bivalvia,Ctenocidaris_gigantea
Bryozoa,Ctenocidaris_gigantea
Crustacea,Ctenocidaris_gigantea
Detritus,Ctenocidaris_gigantea
Hydrozoa,Ctenocidaris_gigantea
Polychaeta,Ctenocidaris_gigantea
Porifera,Ctenocidaris_gigantea
Zooplankton,Ctenocidaris_gigantea
Bryozoa,Ctenocidaris_gilberti
Foraminifera,Ctenocidaris_gilberti
Porifera,Ctenocidaris_gilberti
Bryozoa,Ctenocidaris_perrieri
Eunoe_spica,Ctenocidaris_perrieri
Foraminifera,Ctenocidaris_perrieri
Polychaeta,Ctenocidaris_perrieri
Porifera,Ctenocidaris_perrieri
Bryozoa,Ctenocidaris_spinosa
Detritus,Ctenocidaris_spinosa
Foraminifera,Ctenocidaris_spinosa
Hydrozoa,Ctenocidaris_spinosa
Polychaeta,Ctenocidaris_spinosa
Porifera,Ctenocidaris_spinosa
Yoldia_eightsi,Ctenocidaris_spinosa
Zooplankton,Ctenocidaris_spinosa
Detritus,Cuenotaster_involutus
Bacillariophyta,Cyclocardia_astartoides
Detritus,Cyclocardia_astartoides
Amphipoda,Cygnodraco_mawsoni
Crustacea,Cygnodraco_mawsoni
Decapoda,Cygnodraco_mawsoni
Euphausia_crystallorophias,Cygnodraco_mawsoni
Fish,Cygnodraco_mawsoni
Mysida,Cygnodraco_mawsoni
Pteropoda,Cygnodraco_mawsoni
Polychaeta,Cylichna_sp
Scaphopoda,Cylichna_sp
Bacillariophyta,Cyllopus_lucasii
Calanus_propinquus,Cyllopus_lucasii
Coelenterata,Cyllopus_lucasii
Copepoda,Cyllopus_lucasii
Eukrohnia_hamata,Cyllopus_lucasii
Euphausia_superba,Cyllopus_lucasii
Metridia_gerlachei,Cyllopus_lucasii
Oithona_sp,Cyllopus_lucasii
Oncaea_sp,Cyllopus_lucasii
Ostracoda,Cyllopus_lucasii
Pelagobia_longicirrata,Cyllopus_lucasii
Tintinnidae,Cyllopus_lucasii
Zooplankton,Cyllopus_lucasii
Nototheniidae,Dacodraco_hunteri
Amphipoda,Daption_capense
Cyllopus_lucasii,Daption_capense
Electrona_antarctica,Daption_capense
Euphausia_superba,Daption_capense
Fish,Daption_capense
Galiteuthis_glacialis,Daption_capense
Gonatus_antarcticus,Daption_capense
Gymnoscopelus_braueri,Daption_capense
Gymnoscopelus_nicholsi,Daption_capense
Gymnoscopelus_opisthopterus,Daption_capense
Notocrangon_antarcticus,Daption_capense
Notolepis_coatsi,Daption_capense
Protomyctophum_bolini,Daption_capense
Psychroteuthis_glacialis,Daption_capense
Salpa_thompsoni,Daption_capense
Vibilia_antarctica,Daption_capense
Vibilia_stebbingi,Daption_capense
Bacillariophyta,Dentalium _majorinum
Detritus,Dentalium _majorinum
Asteroidea,Desmonema_glaciale
Euphausiacea,Desmonema_glaciale
Fish,Desmonema_glaciale
Nemertini,Desmonema_glaciale
Odontaster_validus,Desmonema_glaciale
Detritus,Diastylis_mawsoni
Detritus,Diplasterias_brucei
Gastropoda,Diplasterias_brucei
Yoldia_eightsi,Diplasterias_brucei
Clione_antarctica,Diplulmaris_antarctica
Copepoda,Diplulmaris_antarctica
Ctenophora,Diplulmaris_antarctica
Limacina_helicina,Diplulmaris_antarctica
Pteropoda,Diplulmaris_antarctica
Zooplankton,Diplulmaris_antarctica
Amphipoda,Dissostichus_mawsoni
Bathylagus_antarcticus,Dissostichus_mawsoni
Crustacea,Dissostichus_mawsoni
Dissostichus_mawsoni,Dissostichus_mawsoni
Fish,Dissostichus_mawsoni
Galiteuthis_glacialis,Dissostichus_mawsoni
Gonatus_antarcticus,Dissostichus_mawsoni
Harpagifer_antarcticus,Dissostichus_mawsoni
Kondakovia_longimana,Dissostichus_mawsoni
Macrourus_whitsoni,Dissostichus_mawsoni
Moroteuthis_ingens,Dissostichus_mawsoni
Myctophidae,Dissostichus_mawsoni
Nototheniidae,Dissostichus_mawsoni
Octopoda,Dissostichus_mawsoni
Vampyroteuthis,Dissostichus_mawsoni
Phytoplankton,Djerboa_furcipes
Actinaria,Dolloidraco_longedorsalis
Amphipoda,Dolloidraco_longedorsalis
Anthozoa,Dolloidraco_longedorsalis
Bivalvia,Dolloidraco_longedorsalis
Copepoda,Dolloidraco_longedorsalis
Crustacea,Dolloidraco_longedorsalis
Cumacea,Dolloidraco_longedorsalis
Euphausiacea,Dolloidraco_longedorsalis
Gastropoda,Dolloidraco_longedorsalis
Hydrozoa,Dolloidraco_longedorsalis
Isopoda,Dolloidraco_longedorsalis
Mysida,Dolloidraco_longedorsalis
Ostracoda,Dolloidraco_longedorsalis
Polychaeta,Dolloidraco_longedorsalis
Scaphopoda,Dolloidraco_longedorsalis
Tanaidacea,Dolloidraco_longedorsalis
Urticinopsis_antarctica,Dolloidraco_longedorsalis
Calyx_arcuarius,Doris_kerguelenensis
Haliclona_dancoi,Doris_kerguelenensis
Haliclona_tenella,Doris_kerguelenensis
Isodyctia_setifera,Doris_kerguelenensis
Mycale_acerata,Doris_kerguelenensis
Polymastia_invaginata,Doris_kerguelenensis
Rossella_nuda,Doris_kerguelenensis
Rossella_racovitzae,Doris_kerguelenensis
Scolymastra_joubini,Doris_kerguelenensis
Tetilla_leptoderma,Doris_kerguelenensis
Detritus,Echiniphimedia_hodgsoni
Porifera,Echiniphimedia_hodgsoni
Detritus,Echinopsolus_acanthocola
Phytoplankton,Echinopsolus_acanthocola
Detritus,Echiurus_antarcticus
Bacillariophyta,Edwardsia_meridionalis
Copepoda,Edwardsia_meridionalis
Detritus,Edwardsia_meridionalis
Polychaeta,Edwardsia_meridionalis
Tanaidacea,Edwardsia_meridionalis
Zooplankton,Edwardsia_meridionalis
Detritus,Ekleptostylis_debroyeri
Detritus,Ekmocucumis_steineni
Phytoplankton,Ekmocucumis_steineni
Detritus,Ekmocucumis_turqueti
Phytoplankton,Ekmocucumis_turqueti
Amphipoda,Electrona_antarctica
Calanus_propinquus,Electrona_antarctica
Copepoda,Electrona_antarctica
Euchaeta_antarctica,Electrona_antarctica
Eukrohnia_hamata,Electrona_antarctica
Euphausia_frigida,Electrona_antarctica
Euphausia_superba,Electrona_antarctica
Euphausiacea,Electrona_antarctica
Gastropoda,Electrona_antarctica
Metridia_gerlachei,Electrona_antarctica
Oncaea_sp,Electrona_antarctica
Ostracoda,Electrona_antarctica
Pelagobia_longicirrata,Electrona_antarctica
Polychaeta,Electrona_antarctica
Rhincalanus_gigas,Electrona_antarctica
Thysanoessa_macrura,Electrona_antarctica
Amphipoda,Epimeria_georgiana
Bacillariophyta,Epimeria_georgiana
Crustacea,Epimeria_georgiana
Foraminifera,Epimeria_georgiana
Holothuria_sp,Epimeria_georgiana
Hydrozoa,Epimeria_georgiana
Mysida,Epimeria_georgiana
Polychaeta,Epimeria_georgiana
Zooplankton,Epimeria_georgiana
Anthozoa,Epimeria_macrodonta
Bacillariophyta,Epimeria_macrodonta
Cnidaria,Epimeria_macrodonta
Crustacea,Epimeria_macrodonta
Euphausiacea,Epimeria_macrodonta
Foraminifera,Epimeria_macrodonta
Holothuria_sp,Epimeria_macrodonta
Hydrozoa,Epimeria_macrodonta
Ostracoda,Epimeria_macrodonta
Pantopoda,Epimeria_macrodonta
Porifera,Epimeria_macrodonta
Sediment,Epimeria_macrodonta
Squid,Epimeria_macrodonta
Urticinopsis_antarctica,Epimeria_macrodonta
Amphipoda,Epimeria_robusta
Cnidaria,Epimeria_robusta
Crustacea,Epimeria_robusta
Euphausiacea,Epimeria_robusta
Holothuria_sp,Epimeria_robusta
Polychaeta,Epimeria_robusta
Taeniogyrus_contortus,Epimeria_robusta
Zooplankton,Epimeria_robusta
Amphipoda,Epimeria_rubrieques
Clavularia_sp,Epimeria_rubrieques
Cnidaria,Epimeria_rubrieques
Crustacea,Epimeria_rubrieques
Euphausiacea,Epimeria_rubrieques
Hydrozoa,Epimeria_rubrieques
Polychaeta,Epimeria_rubrieques
Taeniogyrus_contortus,Epimeria_rubrieques
Zooplankton,Epimeria_rubrieques
Bacillariophyta,Epimeria_similis
Cnidaria,Epimeria_similis
Foraminifera,Epimeria_similis
Hydrozoa,Epimeria_similis
Polychaeta,Epimeria_similis
Porifera,Epimeria_similis
Bacillariophyta,Epimeriella_walkeri
Cnidaria,Epimeriella_walkeri
Crustacea,Epimeriella_walkeri
Detritus,Epimeriella_walkeri
Holothuria_sp,Epimeriella_walkeri
Porifera,Epimeriella_walkeri
Bacillariophyta,Euchaeta_antarctica
Coelenterata,Euchaeta_antarctica
Copepoda,Euchaeta_antarctica
Cyllopus_lucasii,Euchaeta_antarctica
Euchaeta_antarctica,Euchaeta_antarctica
Eukrohnia_hamata,Euchaeta_antarctica
Metridia_gerlachei,Euchaeta_antarctica
Oithona_sp,Euchaeta_antarctica
Oncaea_sp,Euchaeta_antarctica
Pelagobia_longicirrata,Euchaeta_antarctica
SilicioZooplankton,Euchaeta_antarctica
Tintinnidae,Euchaeta_antarctica
Zooplankton,Euchaeta_antarctica
Bacillariophyta,Euchaetomera_antarcticus
Detritus,Euchaetomera_antarcticus
Zooplankton,Euchaetomera_antarcticus
Bacillariophyta,Eucopia_australis
Detritus,Eucopia_australis
Zooplankton,Eucopia_australis
Crustacea,Eucranta_mollis
Detritus,Eucranta_mollis
Bacillariophyta,Eudorella_splendida
Bacteria,Eudorella_splendida
Detritus,Eudorella_splendida
Sediment,Eudorella_splendida
Calanus_propinquus,Eukrohnia_hamata
Copepoda,Eukrohnia_hamata
Metridia_gerlachei,Eukrohnia_hamata
Amphipoda,Eulagisca_gigantea
Bryozoa,Eulagisca_gigantea
Crustacea,Eulagisca_gigantea
Detritus,Eulagisca_gigantea
Hydrozoa,Eulagisca_gigantea
Ophiuroidea,Eulagisca_gigantea
Pantopoda,Eulagisca_gigantea
Amphipoda,Eunoe_hartmanae
Bryozoa,Eunoe_hartmanae
Detritus,Eunoe_hartmanae
Hydrozoa,Eunoe_hartmanae
Ophiuroidea,Eunoe_hartmanae
Polychaeta,Eunoe_hartmanae
Amphipoda,Eunoe_spica
Bivalvia,Eunoe_spica
Crustacea,Eunoe_spica
Detritus,Eunoe_spica
Fish,Eunoe_spica
Holothuria_sp,Eunoe_spica
Isopoda,Eunoe_spica
Pantopoda,Eunoe_spica
Polychaeta,Eunoe_spica
Amphipoda,Eunoe_spica_spicoides
Bivalvia,Eunoe_spica_spicoides
Bryozoa,Eunoe_spica_spicoides
Crinoidea,Eunoe_spica_spicoides
Crustacea,Eunoe_spica_spicoides
Detritus,Eunoe_spica_spicoides
Fish,Eunoe_spica_spicoides
Gastropoda,Eunoe_spica_spicoides
Holothuria_sp,Eunoe_spica_spicoides
Hydrozoa,Eunoe_spica_spicoides
Isopoda,Eunoe_spica_spicoides
Pantopoda,Eunoe_spica_spicoides
Polychaeta,Eunoe_spica_spicoides
Phytoplankton,Euphausia_crystallorophias
Bacillariophyta,Euphausia_frigida
Copepoda,Euphausia_frigida
Foraminifera,Euphausia_frigida
Phytoplankton,Euphausia_frigida
Pteropoda,Euphausia_frigida
Tintinnidae,Euphausia_frigida
Zooplankton,Euphausia_frigida
Bacillariophyta,Euphausia_superba
Chaetoceros_sp,Euphausia_superba
Copepoda,Euphausia_superba
Distephanus_sp,Euphausia_superba
Entomoneis_sp,Euphausia_superba
Fragilariopsis_sp,Euphausia_superba
Nitzschia_sp,Euphausia_superba
Oithona_sp,Euphausia_superba
Zooplankton,Euphausia_superba
Amphipoda,Eurythenes_gryllus
Anthozoa,Eurythenes_gryllus
Crustacea,Eurythenes_gryllus
Detritus,Eurythenes_gryllus
Eurythenes_gryllus,Eurythenes_gryllus
Holothuria_sp,Eurythenes_gryllus
Hydrozoa,Eurythenes_gryllus
Isopoda,Eurythenes_gryllus
Ophiuroidea,Eurythenes_gryllus
Polychaeta,Eurythenes_gryllus
Porifera,Eurythenes_gryllus
Urticinopsis_antarctica,Eurythenes_gryllus
Copepoda,Eusirus_antarcticus
Amphipoda,Eusirus_perdentatus
Crustacea,Eusirus_perdentatus
Detritus,Eusirus_perdentatus
Polychaeta,Eusirus_perdentatus
Crustacea,Frontoserolis_bouvieri
Polychaeta,Frontoserolis_bouvieri
Amphipoda,Fulmarus_glacialoides
Crustacea,Fulmarus_glacialoides
Cyllopus_lucasii,Fulmarus_glacialoides
Electrona_antarctica,Fulmarus_glacialoides
Euphausia_superba,Fulmarus_glacialoides
Eurythenes_gryllus,Fulmarus_glacialoides
Fish,Fulmarus_glacialoides
Galiteuthis_glacialis,Fulmarus_glacialoides
Gonatus_antarcticus,Fulmarus_glacialoides
Gymnoscopelus_braueri,Fulmarus_glacialoides
Gymnoscopelus_opisthopterus,Fulmarus_glacialoides
Notocrangon_antarcticus,Fulmarus_glacialoides
Notolepis_coatsi,Fulmarus_glacialoides
Protomyctophum_bolini,Fulmarus_glacialoides
Psychroteuthis_glacialis,Fulmarus_glacialoides
Salpa_thompsoni,Fulmarus_glacialoides
Vibilia_antarctica,Fulmarus_glacialoides
Vibilia_stebbingi,Fulmarus_glacialoides
Euphausia_superba,Galiteuthis_glacialis
Amphipoda,Gerlachea_australis
Crustacea,Gerlachea_australis
Euphausia_crystallorophias,Gerlachea_australis
Euphausiacea,Gerlachea_australis
Mysida,Gerlachea_australis
Bacillariophyta,Gersemia_antarctica
Detritus,Gersemia_antarctica
Foraminifera,Gersemia_antarctica
Bacillariophyta,Globocassidulina_crassa
Detritus,Globocassidulina_crassa
Sediment,Globocassidulina_crassa
Asteroidea,Glyptonotus_antarcticus
Detritus,Glyptonotus_antarcticus
Echinoidea,Glyptonotus_antarcticus
Euphausia_superba,Glyptonotus_antarcticus
Gastropoda,Glyptonotus_antarcticus
Glyptonotus_antarcticus,Glyptonotus_antarcticus
Isopoda,Glyptonotus_antarcticus
Limacina_helicina,Glyptonotus_antarcticus
Ophiuroidea,Glyptonotus_antarcticus
Polychaeta,Glyptonotus_antarcticus
Zooplankton,Gnathia_calva
Brachiopoda,Gnathiphimedia_mandibularis
Bryozoa,Gnathiphimedia_mandibularis
Porifera,Gnathiphimedia_mandibularis
Detritus,Golfingia_anderssoni
Detritus,Golfingia_margaritacea_margaritacea
Detritus,Golfingia_mawsoni
Detritus,Golfingia_nordenskojoeldi
Detritus,Golfingia_ohlini
Cyllopus_lucasii,Gonatus_antarcticus
Euphausia_superba,Gonatus_antarcticus
Fish,Gonatus_antarcticus
Copepoda,Gorgonocephalus_chilensis
Amphipoda,Gymnodraco_acuticeps
Euphausiacea,Gymnodraco_acuticeps
Fish,Gymnodraco_acuticeps
Polychaeta,Gymnodraco_acuticeps
Zooplankton,Gymnodraco_acuticeps
Clio_pyramidata,Gymnoscopelus_braueri
Coelenterata,Gymnoscopelus_braueri
Copepoda,Gymnoscopelus_braueri
Cyllopus_lucasii,Gymnoscopelus_braueri
Euchaeta_antarctica,Gymnoscopelus_braueri
Eukrohnia_hamata,Gymnoscopelus_braueri
Euphausia_superba,Gymnoscopelus_braueri
Limacina_helicina,Gymnoscopelus_braueri
Metridia_gerlachei,Gymnoscopelus_braueri
Pelagobia_longicirrata,Gymnoscopelus_braueri
Sagitta_marri,Gymnoscopelus_braueri
Salpa_thompsoni,Gymnoscopelus_braueri
Zooplankton,Gymnoscopelus_braueri
Amphipoda,Gymnoscopelus_nicholsi
Calanus_propinquus,Gymnoscopelus_nicholsi
Chaetognatha,Gymnoscopelus_nicholsi
Copepoda,Gymnoscopelus_nicholsi
Euchaeta_antarctica,Gymnoscopelus_nicholsi
Euphausia_crystallorophias,Gymnoscopelus_nicholsi
Euphausia_frigida,Gymnoscopelus_nicholsi
Euphausia_superba,Gymnoscopelus_nicholsi
Euphausiacea,Gymnoscopelus_nicholsi
Fish,Gymnoscopelus_nicholsi
Metridia_gerlachei,Gymnoscopelus_nicholsi
Oncaea_sp,Gymnoscopelus_nicholsi
Ostracoda,Gymnoscopelus_nicholsi
Protomyctophum_bolini,Gymnoscopelus_nicholsi
Rhincalanus_gigas,Gymnoscopelus_nicholsi
Thysanoessa_macrura,Gymnoscopelus_nicholsi
Clio_pyramidata,Gymnoscopelus_opisthopterus
Coelenterata,Gymnoscopelus_opisthopterus
Copepoda,Gymnoscopelus_opisthopterus
Cyllopus_lucasii,Gymnoscopelus_opisthopterus
Eukrohnia_hamata,Gymnoscopelus_opisthopterus
Euphausia_superba,Gymnoscopelus_opisthopterus
Limacina_helicina,Gymnoscopelus_opisthopterus
Metridia_gerlachei,Gymnoscopelus_opisthopterus
Oithona_sp,Gymnoscopelus_opisthopterus
Pelagobia_longicirrata,Gymnoscopelus_opisthopterus
Sagitta_marri,Gymnoscopelus_opisthopterus
Salpa_thompsoni,Gymnoscopelus_opisthopterus
Zooplankton,Gymnoscopelus_opisthopterus
Bacteria,Haliclona_dancoi
Detritus,Haliclona_dancoi
Phytoplankton,Haliclona_dancoi
Bacteria,Haliclona_tenella
Detritus,Haliclona_tenella
Phytoplankton,Haliclona_tenella
Amphipoda,Halobaena_caerulea
Crustacea,Halobaena_caerulea
Cyllopus_lucasii,Halobaena_caerulea
Detritus,Halobaena_caerulea
Electrona_antarctica,Halobaena_caerulea
Euphausia_frigida,Halobaena_caerulea
Euphausia_superba,Halobaena_caerulea
Eurythenes_gryllus,Halobaena_caerulea
Fish,Halobaena_caerulea
Gymnoscopelus_braueri,Halobaena_caerulea
Gymnoscopelus_opisthopterus,Halobaena_caerulea
Notocrangon_antarcticus,Halobaena_caerulea
Notolepis_coatsi,Halobaena_caerulea
Protomyctophum_bolini,Halobaena_caerulea
Pteropoda,Halobaena_caerulea
Salpa_thompsoni,Halobaena_caerulea
Thysanoessa_macrura,Halobaena_caerulea
Vibilia_antarctica,Halobaena_caerulea
Vibilia_stebbingi,Halobaena_caerulea
Detritus,Hamingia_sp
Detritus,Haplocheira_plumosa
Phytoplankton,Haplocheira_plumosa
Amphipoda,Harmothoe_crosetensis
Crustacea,Harmothoe_crosetensis
Detritus,Harmothoe_crosetensis
Holothuria_sp,Harmothoe_crosetensis
Isopoda,Harmothoe_crosetensis
Ophiuroidea,Harmothoe_crosetensis
Polychaeta,Harmothoe_crosetensis
Amphipoda,Harmothoe_spinosa
Bryozoa,Harmothoe_spinosa
Crustacea,Harmothoe_spinosa
Detritus,Harmothoe_spinosa
Gastropoda,Harmothoe_spinosa
Holothuria_sp,Harmothoe_spinosa
Hydrozoa,Harmothoe_spinosa
Isopoda,Harmothoe_spinosa
Ophiuroidea,Harmothoe_spinosa
Pantopoda,Harmothoe_spinosa
Polychaeta,Harmothoe_spinosa
Amphipoda,Harpagifer_antarcticus
Bivalvia,Harpagifer_antarcticus
Chiton,Harpagifer_antarcticus
Crustacea,Harpagifer_antarcticus
Detritus,Harpagifer_antarcticus
Djerboa_furcipes,Harpagifer_antarcticus
Epimeria_robusta,Harpagifer_antarcticus
Euphausia_superba,Harpagifer_antarcticus
Gastropoda,Harpagifer_antarcticus
Isopoda,Harpagifer_antarcticus
Natatolana_meridionalis,Harpagifer_antarcticus
Notocrangon_antarcticus,Harpagifer_antarcticus
Oradarea_edentata,Harpagifer_antarcticus
Polychaeta,Harpagifer_antarcticus
Sediment,Harpagifer_antarcticus
Phytoplankton,Harpovoluta_charcoti
Bacillariophyta,Heterophoxus_videns
Copepoda,Heterophoxus_videns
Crustacea,Heterophoxus_videns
Eucranta_mollis,Heterophoxus_videns
Eunoe_spica,Heterophoxus_videns
Foraminifera,Heterophoxus_videns
Laetmonice_producta,Heterophoxus_videns
Nematoda,Heterophoxus_videns
Polychaeta,Heterophoxus_videns
Porifera,Heterophoxus_videns
Tanaidacea,Heterophoxus_videns
Bacteria,Homaxinella_balfourensis
Detritus,Homaxinella_balfourensis
Phytoplankton,Homaxinella_balfourensis
Amphipoda,Hydrurga_leptonyx
Euphausiacea,Hydrurga_leptonyx
Fish,Hydrurga_leptonyx
Kondakovia_longimana,Hydrurga_leptonyx
Psychroteuthis_glacialis,Hydrurga_leptonyx
Squid,Hydrurga_leptonyx
Coelenterata,Hyperia_macrocephala
Limacina_helicina,Hyperia_macrocephala
Pteropoda,Hyperia_macrocephala
Salpa_thompsoni,Hyperia_macrocephala
Scyphozoa,Hyperia_macrocephala
Bacillariophyta,Hyperiella_dilatata
Coelenterata,Hyperiella_dilatata
Copepoda,Hyperiella_dilatata
Oithona_sp,Hyperiella_dilatata
Oncaea_sp,Hyperiella_dilatata
Tintinnidae,Hyperiella_dilatata
Zooplankton,Hyperiella_dilatata
Bacillariophyta,Ihlea_racovitzai
Phytoplankton,Ihlea_racovitzai
Bacteria,Iophon_radiatus
Detritus,Iophon_radiatus
Phytoplankton,Iophon_radiatus
Holothuria_sp,Iphimediella_cyclogena
Polychaeta,Iphimediella_cyclogena
Bacteria,Isodyctia_setifera
Detritus,Isodyctia_setifera
Phytoplankton,Isodyctia_setifera
Bacillariophyta,Isoschizoporella_tricuspis
Detritus,Isoschizoporella_tricuspis
Nanoplankton,Isoschizoporella_tricuspis
Bacillariophyta,Isotealia_antarctica
Copepoda,Isotealia_antarctica
Ctenophora,Isotealia_antarctica
Eunoe_spica,Isotealia_antarctica
Polychaeta,Isotealia_antarctica
Bacteria,Kirkpatrickia_variolosa
Detritus,Kirkpatrickia_variolosa
Phytoplankton,Kirkpatrickia_variolosa
Euphausia_superba,Kondakovia_longimana
Amphipoda,Labidiaster_annulatus
Asteroidea,Labidiaster_annulatus
Bivalvia,Labidiaster_annulatus
Crinoidea,Labidiaster_annulatus
Echinoidea,Labidiaster_annulatus
Gastropoda,Labidiaster_annulatus
Isopoda,Labidiaster_annulatus
Ophiuroidea,Labidiaster_annulatus
Polychaeta,Labidiaster_annulatus
Amphipoda,Laetmonice_producta
Crustacea,Laetmonice_producta
Detritus,Laetmonice_producta
Ophiuroidea,Laetmonice_producta
Polychaeta,Laetmonice_producta
Champsocephalus_gunnari,Lagenorhynchus_cruciger
Dissostichus_mawsoni,Lagenorhynchus_cruciger
Euphausiacea,Lagenorhynchus_cruciger
Fish,Lagenorhynchus_cruciger
Myctophidae,Lagenorhynchus_cruciger
Squid,Lagenorhynchus_cruciger
Bacillariophyta,Laternula_elliptica
Detritus,Laternula_elliptica
Bacillariophyta,Lenticulina_antarctica
Detritus,Lenticulina_antarctica
Sediment,Lenticulina_antarctica
Waldeckia_obesa,Lepidonotothen_nudifrons
Aethotaxis_mitopteryx,Leptonychotes_weddelli
Dissostichus_mawsoni,Leptonychotes_weddelli
Euphausia_crystallorophias,Leptonychotes_weddelli
Fish,Leptonychotes_weddelli
Octopoda,Leptonychotes_weddelli
Pleuragramma_antarcticum,Leptonychotes_weddelli
Squid,Leptonychotes_weddelli
Trematomus_hansoni,Leptonychotes_weddelli
Amphipoda,Liljeborgia_georgiana
Cnidaria,Liljeborgia_georgiana
Copepoda,Liljeborgia_georgiana
Crustacea,Liljeborgia_georgiana
Eucranta_mollis,Liljeborgia_georgiana
Eunoe_spica,Liljeborgia_georgiana
Euphausiacea,Liljeborgia_georgiana
Polychaeta,Liljeborgia_georgiana
Porifera,Liljeborgia_georgiana
Zooplankton,Limacina_helicina_antarctica
Bacillariophyta,Limopsis_lillei
Detritus,Limopsis_lillei
Bacillariophyta,Limopsis_marionensis
Detritus,Limopsis_marionensis
Actinaria,Lineus_longifissus
Adamussium_colbecki,Lineus_longifissus
Asteroidea,Lineus_longifissus
Bacillariophyta,Lineus_longifissus
Bivalvia,Lineus_longifissus
Crustacea,Lineus_longifissus
Ctenophora,Lineus_longifissus
Fish,Lineus_longifissus
Homaxinella_balfourensis,Lineus_longifissus
Polychaeta,Lineus_longifissus
Porifera,Lineus_longifissus
Detritus,Liothyrella_uva
Detritus,Liothyrella_uva_antarctica
Bacillariophyta,Lissarca_notorcadensis
Detritus,Lissarca_notorcadensis
Crustacea,Lobodon_carcinophagus 
Euphausia_superba,Lobodon_carcinophagus 
Euphausiacea,Lobodon_carcinophagus 
Fish,Lobodon_carcinophagus 
Mysida,Lobodon_carcinophagus 
Nematoda,Lobodon_carcinophagus 
Squid,Lobodon_carcinophagus 
Adamussium_colbecki,Lophaster_gaini
Bivalvia,Lophaster_gaini
Yoldia_eightsi,Lophaster_gaini
Detritus,Luidiaster_gerlachei
Ophiuroidea,Luidiaster_gerlachei
Phytoplankton,Lyrocteis_flavopallidus
Bivalvia,Lysasterias_perrieri
Detritus,Lysasterias_perrieri
Ophiuroidea,Lysasterias_perrieri
Ostracoda,Lysasterias_perrieri
Crustacea,Macronectes_giganteus
Detritus,Macronectes_giganteus
Galiteuthis_glacialis,Macronectes_giganteus
Gonatus_antarcticus,Macronectes_giganteus
Kondakovia_longimana,Macronectes_giganteus
Nototheniidae,Macronectes_giganteus
Crustacea,Macronectes_halli
Detritus,Macronectes_halli
Galiteuthis_glacialis,Macronectes_halli
Gonatus_antarcticus,Macronectes_halli
Kondakovia_longimana,Macronectes_halli
Martialia_hyadesi,Macronectes_halli
Nototheniidae,Macronectes_halli
Psychroteuthis_glacialis,Macronectes_halli
Squid,Macronectes_halli
Vampyroteuthis,Macronectes_halli
Asteroidea,Macroptychaster_accrescens
Bivalvia,Macroptychaster_accrescens
Echinoidea,Macroptychaster_accrescens
Gastropoda,Macroptychaster_accrescens
Odontaster_validus,Macroptychaster_accrescens
Ophiuroidea,Macroptychaster_accrescens
Sterechinus_neumayeri,Macroptychaster_accrescens
Amphipoda,Macrourus_holotrachis
Crustacea,Macrourus_holotrachis
Fish,Macrourus_holotrachis
Octopoda,Macrourus_holotrachis
Squid,Macrourus_holotrachis
Amphipoda,Macrourus_whitsoni
Crustacea,Macrourus_whitsoni
Fish,Macrourus_whitsoni
Octopoda,Macrourus_whitsoni
Polychaeta,Macrourus_whitsoni
Squid,Macrourus_whitsoni
Detritus,Magellania_fragilis
Detritus,Magellania_joubini
Cnemidocarpa_verrucosa,Marseniopsis_mollis
Yoldia_eightsi,Marseniopsis_mollis
Chionodraco_hamatus,Martialia_hyadesi
Euphausia_superba,Martialia_hyadesi
Gonatus_antarcticus,Martialia_hyadesi
Gymnoscopelus_nicholsi,Martialia_hyadesi
Protomyctophum_bolini,Martialia_hyadesi
Psychroteuthis_glacialis,Martialia_hyadesi
Anthozoa,Maxilliphimedia_longipes
Cnidaria,Maxilliphimedia_longipes
Hydrozoa,Maxilliphimedia_longipes
Urticinopsis_antarctica,Maxilliphimedia_longipes
Detritus,Maxmuelleria_faex
Euphausiacea,Megaptera_novaeangliae
Bacillariophyta,Melicerita_obliqua
Detritus,Melicerita_obliqua
Nanoplankton,Melicerita_obliqua
Cnidaria,Melphidippa_antarctica
Crustacea,Melphidippa_antarctica
Euchaeta_antarctica,Melphidippa_antarctica
Euphausiacea,Melphidippa_antarctica
Holothuria_sp,Melphidippa_antarctica
Mysida,Melphidippa_antarctica
Porifera,Melphidippa_antarctica
Clione_antarctica,Mertensiidae
Copepoda,Mertensiidae
Euchaeta_antarctica,Mertensiidae
Mysida,Mertensiidae
Pteropoda,Mertensiidae
Zooplankton,Mertensiidae
Eukrohnia_hamata,Mesonychoteuthis_hamiltoni
Squid,Mesonychoteuthis_hamiltoni
Detritus,Mesothuria_lactea
Bacillariophyta,Metaconchoecia_isocheira
Detritus,Metaconchoecia_isocheira
Phytoplankton,Metaconchoecia_isocheira
Bacillariophyta,Metridia_gerlachei
Copepoda,Metridia_gerlachei
Oithona_sp,Metridia_gerlachei
Oncaea_sp,Metridia_gerlachei
SilicioZooplankton,Metridia_gerlachei
Tintinnidae,Metridia_gerlachei
Zooplankton,Metridia_gerlachei
Alluroteuthis_antarcticus,Mirounga_leonina
Chionodraco_sp,Mirounga_leonina
Chionodraco_hamatus,Mirounga_leonina
Dissostichus_mawsoni,Mirounga_leonina
Electrona_antarctica,Mirounga_leonina
Fish,Mirounga_leonina
Galiteuthis_glacialis,Mirounga_leonina
Gonatus_antarcticus,Mirounga_leonina
Gymnoscopelus_nicholsi,Mirounga_leonina
Kondakovia_longimana,Mirounga_leonina
Martialia_hyadesi,Mirounga_leonina
Mesonychoteuthis_hamiltoni,Mirounga_leonina
Moroteuthis_ingens,Mirounga_leonina
Myctophidae,Mirounga_leonina
Nototheniidae,Mirounga_leonina
Pleuragramma_antarcticum,Mirounga_leonina
Psychroteuthis_glacialis,Mirounga_leonina
Squid,Mirounga_leonina
Trematomus_eulepidotus,Mirounga_leonina
Trematomus_hansoni,Mirounga_leonina
Trematomus_pennellii,Mirounga_leonina
Trematomus_scotti,Mirounga_leonina
Bacillariophyta,Molgula_pedunculata
Bacteria,Molgula_pedunculata
Detritus,Molgula_pedunculata
Nanoplankton,Molgula_pedunculata
Detritus,Molpadia_musculus
Amphipoda,Monocaulus_parvula
Bacillariophyta,Monocaulus_parvula
Copepoda,Monocaulus_parvula
Detritus,Monocaulus_parvula
Hydrozoa,Monocaulus_parvula
Zooplankton,Monocaulus_parvula
Detritus,Monoculodes_scabriculosus
Copepoda,Moroteuthis_ingens
Cyllopus_lucasii,Moroteuthis_ingens
Electrona_antarctica,Moroteuthis_ingens
Epimeria_robusta,Moroteuthis_ingens
Myctophidae,Moroteuthis_ingens
Squid,Moroteuthis_ingens
Bacteria,Mycale_acerata
Detritus,Mycale_acerata
Phytoplankton,Mycale_acerata
Detritus,Myodocopa
Sediment,Myodocopa
Zooplankton,Myodocopa
Bacillariophyta,Mysida
Detritus,Mysida
Zooplankton,Mysida
Detritus,Natatolana_meridionalis
Detritus,Natatolana_obtusata
Detritus,Natatolana_oculata
Bacillariophyta,Nematocarcinus_lanceopes
Euchaeta_antarctica,Nematocarcinus_lanceopes
Phytoplankton,Nematocarcinus_lanceopes
Tintinnidae,Nematocarcinus_lanceopes
Zooplankton,Nematocarcinus_lanceopes
Bacillariophyta,Nematoflustra_flagellata
Detritus,Nematoflustra_flagellata
Nanoplankton,Nematoflustra_flagellata
Adamussium_colbecki,Neobuccinum_eatoni
Bivalvia,Neobuccinum_eatoni
Crustacea,Neobuccinum_eatoni
Fish,Neobuccinum_eatoni
Laternula_elliptica,Neobuccinum_eatoni
Bacillariophyta,Neogloboquadriana_pachyderma
Detritus,Neogloboquadriana_pachyderma
Sediment,Neogloboquadriana_pachyderma
Anthozoa,Notaeolidia_gigas
Clavularia_frankliniana,Notaeolidia_gigas
Hydrozoa,Notaeolidia_gigas
Tubularia,Notaeolidia_gigas
Urticinopsis_antarctica,Notaeolidia_gigas
Adamussium_colbecki,Notasterias_armata
Bivalvia,Notasterias_armata
Yoldia_eightsi,Notasterias_armata
Bryozoa,Notocidaris_mortenseni
Detritus,Notocidaris_mortenseni
Hydrozoa,Notocidaris_mortenseni
Porifera,Notocidaris_mortenseni
Zooplankton,Notocidaris_mortenseni
Bacillariophyta,Notocrangon_antarcticus
Bivalvia,Notocrangon_antarcticus
Foraminifera,Notocrangon_antarcticus
Gastropoda,Notocrangon_antarcticus
Holothuria_sp,Notocrangon_antarcticus
Mysida,Notocrangon_antarcticus
Polychaeta,Notocrangon_antarcticus
Porifera,Notocrangon_antarcticus
Yoldia_eightsi,Notocrangon_antarcticus
Coelenterata,Notolepis_coatsi
Copepoda,Notolepis_coatsi
Euchaeta_antarctica,Notolepis_coatsi
Eukrohnia_hamata,Notolepis_coatsi
Euphausia_superba,Notolepis_coatsi
Limacina_helicina,Notolepis_coatsi
Metridia_gerlachei,Notolepis_coatsi
Notocrangon_antarcticus,Notolepis_coatsi
Oithona_sp,Notolepis_coatsi
Oncaea_sp,Notolepis_coatsi
Pelagobia_longicirrata,Notolepis_coatsi
Sagitta_marri,Notolepis_coatsi
Salpa_thompsoni,Notolepis_coatsi
Bacillariophyta,Nototanais_antarcticus
Bacteria,Nototanais_antarcticus
Detritus,Nototanais_antarcticus
Sediment,Nototanais_antarcticus
Bacillariophyta,Nototanais_dimorphus
Bacteria,Nototanais_dimorphus
Detritus,Nototanais_dimorphus
Bivalvia,Notothenia_coriiceps
Copepoda,Notothenia_coriiceps
Cyllopus_lucasii,Notothenia_coriiceps
Epimeria_robusta,Notothenia_coriiceps
Euphausiacea,Notothenia_coriiceps
Fish,Notothenia_coriiceps
Gastropoda,Notothenia_coriiceps
Isopoda,Notothenia_coriiceps
Octopoda,Notothenia_coriiceps
Polychaeta,Notothenia_coriiceps
Porifera,Notothenia_coriiceps
Salpa_thompsoni,Notothenia_coriiceps
Waldeckia_obesa,Notothenia_coriiceps
Zooplankton,Notothenia_coriiceps
Amphipoda,Notothenia_marmorata
Crustacea,Notothenia_marmorata
Ctenophora,Notothenia_marmorata
Euphausia_superba,Notothenia_marmorata
Fish,Notothenia_marmorata
Hydrozoa,Notothenia_marmorata
Salpa_thompsoni,Notothenia_marmorata
Bryozoa,Nuttallochiton_mirandus
Foraminifera,Nuttallochiton_mirandus
Porifera,Nuttallochiton_mirandus
Bryozoa,Nymphon_gracillimum
Ctenophora,Nymphon_gracillimum
Gastropoda,Nymphon_gracillimum
Ophiuroidea,Nymphon_gracillimum
Polychaeta,Nymphon_gracillimum
Porifera,Nymphon_gracillimum
Crustacea,Oceanites_oceanicus
Cyllopus_lucasii,Oceanites_oceanicus
Electrona_antarctica,Oceanites_oceanicus
Euphausia_superba,Oceanites_oceanicus
Fish,Oceanites_oceanicus
Protomyctophum_bolini,Oceanites_oceanicus
Salpa_thompsoni,Oceanites_oceanicus
Vibilia_antarctica,Oceanites_oceanicus
Detritus,Odontaster_meridionalis
Porifera,Odontaster_meridionalis
Adamussium_colbecki,Odontaster_validus
Amphipoda,Odontaster_validus
Asteroidea,Odontaster_validus
Bacillariophyta,Odontaster_validus
Bivalvia,Odontaster_validus
Bryozoa,Odontaster_validus
Detritus,Odontaster_validus
Echinoidea,Odontaster_validus
Gastropoda,Odontaster_validus
Glyptonotus_antarcticus,Odontaster_validus
Homaxinella_balfourensis,Odontaster_validus
Hydrozoa,Odontaster_validus
Isopoda,Odontaster_validus
Laternula_elliptica,Odontaster_validus
Ophiuroidea,Odontaster_validus
Ostracoda,Odontaster_validus
Polychaeta,Odontaster_validus
Porifera,Odontaster_validus
Rossella_nuda,Odontaster_validus
Rossella_racovitzae,Odontaster_validus
Scolymastra_joubini,Odontaster_validus
Sterechinus_neumayeri,Odontaster_validus
Tetilla_leptoderma,Odontaster_validus
Yoldia_eightsi,Odontaster_validus
Amphipoda,Oediceroides_calmani
Crustacea,Oediceroides_calmani
Phytoplankton,Oediceroides_calmani
Amphipoda,Oediceroides_emarginatus
Crustacea,Oediceroides_emarginatus
Phytoplankton,Oediceroides_emarginatus
Alluroteuthis_antarcticus,Ommatophoca_rossii 
Fish,Ommatophoca_rossii 
Galiteuthis_glacialis,Ommatophoca_rossii 
Kondakovia_longimana,Ommatophoca_rossii 
Psychroteuthis_glacialis,Ommatophoca_rossii 
Squid,Ommatophoca_rossii 
Bacillariophyta,Ophiacantha_antarctica
Copepoda,Ophiacantha_antarctica
Foraminifera,Ophiacantha_antarctica
Copepoda,Ophiacantha_pentacis
Copepoda,Ophiacantha_vivipara
Anthozoa,Ophioceres_incipiens
Bacillariophyta,Ophioceres_incipiens
Crustacea,Ophioceres_incipiens
Detritus,Ophioceres_incipiens
Foraminifera,Ophioceres_incipiens
Polychaeta,Ophioceres_incipiens
Porifera,Ophioceres_incipiens
Sediment,Ophioceres_incipiens
SilicioZooplankton,Ophioceres_incipiens
Urticinopsis_antarctica,Ophioceres_incipiens
Zooplankton,Ophioceres_incipiens
Amphipoda,Ophionotus_victoriae
Anthozoa,Ophionotus_victoriae
Bacillariophyta,Ophionotus_victoriae
Bivalvia,Ophionotus_victoriae
Bryozoa,Ophionotus_victoriae
Crustacea,Ophionotus_victoriae
Detritus,Ophionotus_victoriae
Echinoidea,Ophionotus_victoriae
Euphausiacea,Ophionotus_victoriae
Foraminifera,Ophionotus_victoriae
Hydrozoa,Ophionotus_victoriae
Mysida,Ophionotus_victoriae
Nematoda,Ophionotus_victoriae
Ophiuroidea,Ophionotus_victoriae
Polychaeta,Ophionotus_victoriae
Porifera,Ophionotus_victoriae
Sediment,Ophionotus_victoriae
Urticinopsis_antarctica,Ophionotus_victoriae
Waldeckia_obesa,Ophionotus_victoriae
Copepoda,Ophioperla_koehleri
Crinoidea,Ophioperla_koehleri
Echinoidea,Ophioperla_koehleri
Euphausiacea,Ophioperla_koehleri
Foraminifera,Ophioperla_koehleri
Ophiuroidea,Ophioperla_koehleri
Polychaeta,Ophioperla_koehleri
Porifera,Ophioperla_koehleri
Adamussium_colbecki,Ophiosparte_gigas
Amphipoda,Ophiosparte_gigas
Bacillariophyta,Ophiosparte_gigas
Bivalvia,Ophiosparte_gigas
Bryozoa,Ophiosparte_gigas
Chorismus_antarcticus,Ophiosparte_gigas
Cnidaria,Ophiosparte_gigas
Detritus,Ophiosparte_gigas
Eunoe_spica,Ophiosparte_gigas
Euphausia_crystallorophias,Ophiosparte_gigas
Euphausia_superba,Ophiosparte_gigas
Fish,Ophiosparte_gigas
Foraminifera,Ophiosparte_gigas
Gastropoda,Ophiosparte_gigas
Isopoda,Ophiosparte_gigas
Laternula_elliptica,Ophiosparte_gigas
Mysida,Ophiosparte_gigas
Nematoda,Ophiosparte_gigas
Odontaster_validus,Ophiosparte_gigas
Ophiacantha_sp,Ophiosparte_gigas
Ophiocten_sp,Ophiosparte_gigas
Ophionotus_victoriae,Ophiosparte_gigas
Ophiosparte_gigas,Ophiosparte_gigas
Ophiuroidea,Ophiosparte_gigas
Ophiurolepis_gelida,Ophiosparte_gigas
Ostracoda,Ophiosparte_gigas
Pantopoda,Ophiosparte_gigas
Polychaeta,Ophiosparte_gigas
Porifera,Ophiosparte_gigas
Promachocrinus_kerguelensis,Ophiosparte_gigas
Sediment,Ophiosparte_gigas
Sterechinus_neumayeri,Ophiosparte_gigas
Yoldia_eightsi,Ophiosparte_gigas
Amphipoda,Ophiurolepis_brevirima
Bacillariophyta,Ophiurolepis_brevirima
Bivalvia,Ophiurolepis_brevirima
Bryozoa,Ophiurolepis_brevirima
Cnidaria,Ophiurolepis_brevirima
Crustacea,Ophiurolepis_brevirima
Detritus,Ophiurolepis_brevirima
Eunoe_spica,Ophiurolepis_brevirima
Euphausiacea,Ophiurolepis_brevirima
Foraminifera,Ophiurolepis_brevirima
Ostracoda,Ophiurolepis_brevirima
Polychaeta,Ophiurolepis_brevirima
Porifera,Ophiurolepis_brevirima
Sediment,Ophiurolepis_brevirima
SilicioZooplankton,Ophiurolepis_brevirima
Zooplankton,Ophiurolepis_brevirima
Amphipoda,Ophiurolepis_gelida
Bacillariophyta,Ophiurolepis_gelida
Bivalvia,Ophiurolepis_gelida
Bryozoa,Ophiurolepis_gelida
Crustacea,Ophiurolepis_gelida
Detritus,Ophiurolepis_gelida
Euphausiacea,Ophiurolepis_gelida
Foraminifera,Ophiurolepis_gelida
Nematoda,Ophiurolepis_gelida
Polychaeta,Ophiurolepis_gelida
Porifera,Ophiurolepis_gelida
Sediment,Ophiurolepis_gelida
SilicioZooplankton,Ophiurolepis_gelida
Zooplankton,Ophiurolepis_gelida
Phytoplankton,Oradarea_edentata
Arctocephalus_gazella ,Orcinus_orca
Balaenoptera_acutorostrata,Orcinus_orca
Dissostichus_mawsoni,Orcinus_orca
Fish,Orcinus_orca
Halobaena_caerulea,Orcinus_orca
Hydrurga_leptonyx,Orcinus_orca
Leptonychotes_weddelli,Orcinus_orca
Lobodon_carcinophagus ,Orcinus_orca
Mirounga_leonina,Orcinus_orca
Myctophidae,Orcinus_orca
Ommatophoca_rossii ,Orcinus_orca
Pygoscelis_adeliae,Orcinus_orca
Squid,Orcinus_orca
Thalassoica_antarctica,Orcinus_orca
Bacillariophyta,Oswaldella_antarctica
Amphipoda,Pachyptila_desolata
Calanoides_acutus,Pachyptila_desolata
Calanus_propinquus,Pachyptila_desolata
Copepoda,Pachyptila_desolata
Crustacea,Pachyptila_desolata
Cyllopus_lucasii,Pachyptila_desolata
Electrona_antarctica,Pachyptila_desolata
Euchaeta_antarctica,Pachyptila_desolata
Euphausia_frigida,Pachyptila_desolata
Euphausia_superba,Pachyptila_desolata
Fish,Pachyptila_desolata
Gymnoscopelus_braueri,Pachyptila_desolata
Gymnoscopelus_nicholsi,Pachyptila_desolata
Metridia_gerlachei,Pachyptila_desolata
Notocrangon_antarcticus,Pachyptila_desolata
Notolepis_coatsi,Pachyptila_desolata
Octopoda,Pachyptila_desolata
Primno_macropa,Pachyptila_desolata
Protomyctophum_bolini,Pachyptila_desolata
Rhincalanus_gigas,Pachyptila_desolata
Salpa_thompsoni,Pachyptila_desolata
Thysanoessa_macrura,Pachyptila_desolata
Vibilia_antarctica,Pachyptila_desolata
Crustacea,Pagetopsis_maculatus
Euphausia_crystallorophias,Pagetopsis_maculatus
Euphausia_superba,Pagetopsis_maculatus
Euphausiacea,Pagetopsis_maculatus
Fish,Pagetopsis_maculatus
Crustacea,Pagodroma_nivea
Cyllopus_lucasii,Pagodroma_nivea
Detritus,Pagodroma_nivea
Electrona_antarctica,Pagodroma_nivea
Euphausia_superba,Pagodroma_nivea
Eurythenes_gryllus,Pagodroma_nivea
Fish,Pagodroma_nivea
Galiteuthis_glacialis,Pagodroma_nivea
Gymnoscopelus_braueri,Pagodroma_nivea
Notocrangon_antarcticus,Pagodroma_nivea
Notolepis_coatsi,Pagodroma_nivea
Protomyctophum_bolini,Pagodroma_nivea
Psychroteuthis_glacialis,Pagodroma_nivea
Vibilia_antarctica,Pagodroma_nivea
Vibilia_stebbingi,Pagodroma_nivea
Amphipoda,Paraceradocus_gibber
Bacillariophyta,Paraceradocus_gibber
Detritus,Paraceradocus_gibber
Ophiuroidea,Paramoera_walkeri
Actinaria,Parborlasia_corrugatus
Adamussium_colbecki,Parborlasia_corrugatus
Asteroidea,Parborlasia_corrugatus
Bacillariophyta,Parborlasia_corrugatus
Bivalvia,Parborlasia_corrugatus
Crustacea,Parborlasia_corrugatus
Ctenophora,Parborlasia_corrugatus
Fish,Parborlasia_corrugatus
Homaxinella_balfourensis,Parborlasia_corrugatus
Polychaeta,Parborlasia_corrugatus
Isopoda,Pareledone_antarctica
Crustacea,Pareledone_charcoti
Eukrohnia_hamata,Pareledone_charcoti
Fish,Pareledone_charcoti
Glyptonotus_antarcticus,Pareledone_charcoti
Polychaeta,Pareledone_charcoti
Siphonophora,Pareledone_charcoti
Sterechinus_neumayeri,Pareledone_charcoti
Yoldia_eightsi,Pareledone_charcoti
Bacillariophyta,Parmaphorella_mawsoni
Detritus,Parmaphorella_mawsoni
Porifera,Parmaphorella_mawsoni
Sediment,Parmaphorella_mawsoni
Detritus,Parschisturella_ceruviata 
Bacillariophyta,Pelagobia_longicirrata
Ostracoda,Pelagobia_longicirrata
Bacillariophyta,Pemmatoporella_sp
Detritus,Pemmatoporella_sp
Nanoplankton,Pemmatoporella_sp
Bryozoa,Pentanymphon_antarcticum
Ctenophora,Pentanymphon_antarcticum
Gastropoda,Pentanymphon_antarcticum
Ophiuroidea,Pentanymphon_antarcticum
Polychaeta,Pentanymphon_antarcticum
Porifera,Pentanymphon_antarcticum
Bacillariophyta,Peraeospinosus_pushkini
Detritus,Peraeospinosus_pushkini
Porifera,Peraeospinosus_pushkini
Sediment,Peraeospinosus_pushkini
Detritus,Perknaster_densus
Detritus,Perknaster_fuscus_antarcticus
Mycale_acerata,Perknaster_fuscus_antarcticus
Porifera,Perknaster_fuscus_antarcticus
Scolymastra_joubini,Perknaster_fuscus_antarcticus
Tetilla_leptoderma,Perknaster_fuscus_antarcticus
Detritus,Phascolion_strombi
Champsocephalus_gunnari,Physeter_macrocephalus
Crustacea,Physeter_macrocephalus
Dissostichus_mawsoni,Physeter_macrocephalus
Euphausiacea,Physeter_macrocephalus
Fish,Physeter_macrocephalus
Myctophidae,Physeter_macrocephalus
Squid,Physeter_macrocephalus
Copepoda,Pleuragramma_antarcticum
Cyllopus_lucasii,Pleuragramma_antarcticum
Euphausiacea,Pleuragramma_antarcticum
Myctophidae,Pleuragramma_antarcticum
Salpa_thompsoni,Pleuragramma_antarcticum
Bacillariophyta,Podocopida
Detritus,Podocopida
Zooplankton,Podocopida
Fish,Pogonophryne_barsukovi
Cyllopus_lucasii,Pogonophryne_marmorata
Epimeria_macrodonta,Pogonophryne_marmorata
Epimeria_robusta,Pogonophryne_marmorata
Euphausiacea,Pogonophryne_marmorata
Iphimediella_cyclogena,Pogonophryne_marmorata
Isopoda,Pogonophryne_marmorata
Liljeborgia_georgiana,Pogonophryne_marmorata
Polychaeta,Pogonophryne_marmorata
Zooplankton,Pogonophryne_marmorata
Amphipoda,Pogonophryne_permitini
Crustacea,Pogonophryne_permitini
Hydrozoa,Pogonophryne_permitini
Isopoda,Pogonophryne_permitini
Mysida,Pogonophryne_permitini
Polychaeta,Pogonophryne_permitini
Scaphopoda,Pogonophryne_permitini
Amphipoda,Pogonophryne_phyllopogon
Crinoidea,Pogonophryne_phyllopogon
Crustacea,Pogonophryne_phyllopogon
Isopoda,Pogonophryne_phyllopogon
Mysida,Pogonophryne_phyllopogon
Polychaeta,Pogonophryne_phyllopogon
Fish,Pogonophryne_scotti
Anthozoa,Polyeunoa_laevis
Crustacea,Polyeunoa_laevis
Detritus,Polyeunoa_laevis
Urticinopsis_antarctica,Polyeunoa_laevis
Nemertini,Pontiothauma_ergata
Bacillariophyta,Porania_antarctica
Detritus,Porania_antarctica
Ostracoda,Porania_antarctica
Detritus,Primnoella_sp
Phytoplankton,Primnoella_sp
Phytoplankton,Primnoisis_antarctica
Zooplankton,Primnoisis_antarctica
Amphipoda,Prionodraco_evansii
Copepoda,Prionodraco_evansii
Cumacea,Prionodraco_evansii
Eukrohnia_hamata,Prionodraco_evansii
Euphausiacea,Prionodraco_evansii
Isopoda,Prionodraco_evansii
Mysida,Prionodraco_evansii
Ostracoda,Prionodraco_evansii
Polychaeta,Prionodraco_evansii
Electrona_antarctica,Procellaria_aequinoctialis
Euphausia_superba,Procellaria_aequinoctialis
Fish,Procellaria_aequinoctialis
Galiteuthis_glacialis,Procellaria_aequinoctialis
Gonatus_antarcticus,Procellaria_aequinoctialis
Kondakovia_longimana,Procellaria_aequinoctialis
Psychroteuthis_glacialis,Procellaria_aequinoctialis
Salpa_thompsoni,Procellaria_aequinoctialis
Vibilia_antarctica,Procellaria_aequinoctialis
Detritus,Promachocrinus_kerguelensis
Phytoplankton,Promachocrinus_kerguelensis
Sediment,Promachocrinus_kerguelensis
Bacillariophyta,Propeleda_longicaudata
Detritus,Propeleda_longicaudata
Calanus_propinquus,Protomyctophum_bolini
Chaetognatha,Protomyctophum_bolini
Copepoda,Protomyctophum_bolini
Euchaeta_antarctica,Protomyctophum_bolini
Euphausiacea,Protomyctophum_bolini
Gastropoda,Protomyctophum_bolini
Metridia_gerlachei,Protomyctophum_bolini
Oncaea_sp,Protomyctophum_bolini
Ostracoda,Protomyctophum_bolini
Rhincalanus_gigas,Protomyctophum_bolini
Thysanoessa_macrura,Protomyctophum_bolini
Detritus,Pseudorchomene_coatsi
Ascidiacea,Psilaster_charcoti
Detritus,Psilaster_charcoti
Fish,Psilaster_charcoti
Sediment,Psilaster_charcoti
Detritus,Psolidium_incertum
Detritus,Psolus_antarcticus
Phytoplankton,Psolus_antarcticus
Detritus,Psolus_charcoti
Phytoplankton,Psolus_charcoti
Detritus,Psolus_dubiosus
Phytoplankton,Psolus_dubiosus
Chaenodraco_wilsoni,Psychroteuthis_glacialis
Chionodraco_hamatus,Psychroteuthis_glacialis
Crustacea,Psychroteuthis_glacialis
Euphausia_superba,Psychroteuthis_glacialis
Fish,Psychroteuthis_glacialis
Myctophidae,Psychroteuthis_glacialis
Pleuragramma_antarcticum,Psychroteuthis_glacialis
Psychroteuthis_glacialis,Psychroteuthis_glacialis
Adamussium_colbecki,Pteraster_affinis_aculeatus
Cyllopus_lucasii,Pterodroma_brevirostris
Electrona_antarctica,Pterodroma_brevirostris
Euphausia_superba,Pterodroma_brevirostris
Eurythenes_gryllus,Pterodroma_brevirostris
Fish,Pterodroma_brevirostris
Galiteuthis_glacialis,Pterodroma_brevirostris
Gymnoscopelus_braueri,Pterodroma_brevirostris
Notocrangon_antarcticus,Pterodroma_brevirostris
Notolepis_coatsi,Pterodroma_brevirostris
Protomyctophum_bolini,Pterodroma_brevirostris
Vibilia_antarctica,Pterodroma_brevirostris
Bacillariophyta,Puncturella_conica
Bryozoa,Puncturella_conica
Foraminifera,Puncturella_conica
Porifera,Puncturella_conica
Sediment,Puncturella_conica
Cyllopus_lucasii,Pygoscelis_adeliae
Electrona_antarctica,Pygoscelis_adeliae
Euphausia_superba,Pygoscelis_adeliae
Kondakovia_longimana,Pygoscelis_adeliae
Psychroteuthis_glacialis,Pygoscelis_adeliae
Thysanoessa_macrura,Pygoscelis_adeliae
Amphipoda,Racovitzia_glacialis
Fish,Racovitzia_glacialis
Isopoda,Racovitzia_glacialis
Mysida,Racovitzia_glacialis
Polychaeta,Racovitzia_glacialis
Tanaidacea,Racovitzia_glacialis
Bacillariophyta,Reteporella_hippocrepis
Detritus,Reteporella_hippocrepis
Nanoplankton,Reteporella_hippocrepis
Amphipoda,Rhachotropis_antarctica
Bacillariophyta,Rhachotropis_antarctica
Cnidaria,Rhachotropis_antarctica
Copepoda,Rhachotropis_antarctica
Euphausiacea,Rhachotropis_antarctica
Polychaeta,Rhachotropis_antarctica
Bacillariophyta,Rhincalanus_gigas
Coelenterata,Rhincalanus_gigas
Oithona_sp,Rhincalanus_gigas
Oncaea_sp,Rhincalanus_gigas
SilicioZooplankton,Rhincalanus_gigas
Tintinnidae,Rhincalanus_gigas
Zooplankton,Rhincalanus_gigas
Bacillariophyta,Rhynchonereella_bongraini
Ostracoda,Rhynchonereella_bongraini
Bacteria,Rossella_antarctica
Detritus,Rossella_antarctica
Phytoplankton,Rossella_antarctica
Bacteria,Rossella_nuda
Detritus,Rossella_nuda
Phytoplankton,Rossella_nuda
Bacteria,Rossella_racovitzae
Detritus,Rossella_racovitzae
Phytoplankton,Rossella_racovitzae
Euchaeta_antarctica,Sagitta_gazellae
Metridia_gerlachei,Sagitta_gazellae
Copepoda,Sagitta_marri
Metridia_gerlachei,Sagitta_marri
Oithona_sp,Sagitta_marri
Oncaea_sp,Sagitta_marri
Ostracoda,Sagitta_marri
Pelagobia_longicirrata,Sagitta_marri
Bacillariophyta,Salpa_gerlachei
Phytoplankton,Salpa_gerlachei
Bacillariophyta,Salpa_thompsoni
Calanus_propinquus,Salpa_thompsoni
Copepoda,Salpa_thompsoni
Detritus,Salpa_thompsoni
Euchaeta_antarctica,Salpa_thompsoni
Eukrohnia_hamata,Salpa_thompsoni
Foraminifera,Salpa_thompsoni
Limacina_helicina,Salpa_thompsoni
Metridia_gerlachei,Salpa_thompsoni
Oithona_sp,Salpa_thompsoni
Oncaea_sp,Salpa_thompsoni
Pelagobia_longicirrata,Salpa_thompsoni
Phytoplankton,Salpa_thompsoni
SilicioZooplankton,Salpa_thompsoni
Tintinnidae,Salpa_thompsoni
Zooplankton,Salpa_thompsoni
Bacteria,Scolymastra_joubini
Detritus,Scolymastra_joubini
Phytoplankton,Scolymastra_joubini
Detritus,Scotoplanes_globosa
Bacillariophyta,Silicularia_rosea
Crustacea,Silicularia_rosea
Detritus,Silicularia_rosea
Nematoda,Silicularia_rosea
Tintinnidae,Silicularia_rosea
Zooplankton,Silicularia_rosea
Bivalvia,Solaster_sp
Detritus,Solaster_sp
Polychaeta,Solaster_sp
Sediment,Solaster_sp
Eukrohnia_hamata,Solmundella_bitentaculata
Euphausiacea,Solmundella_bitentaculata
Limacina_helicina,Solmundella_bitentaculata
Polychaeta,Solmundella_bitentaculata
Pteropoda,Solmundella_bitentaculata
Salpa_thompsoni,Solmundella_bitentaculata
Bacillariophyta,Sterechinus_antarcticus
Bryozoa,Sterechinus_antarcticus
Detritus,Sterechinus_antarcticus
Foraminifera,Sterechinus_antarcticus
Porifera,Sterechinus_antarcticus
Bacillariophyta,Sterechinus_neumayeri
Bryozoa,Sterechinus_neumayeri
Detritus,Sterechinus_neumayeri
Foraminifera,Sterechinus_neumayeri
Polychaeta,Sterechinus_neumayeri
Porifera,Sterechinus_neumayeri
Waldeckia_obesa,Sterechinus_neumayeri
Amphipoda,Sterna_paradisaea
Cyllopus_lucasii,Sterna_paradisaea
Electrona_antarctica,Sterna_paradisaea
Euphausia_superba,Sterna_paradisaea
Thysanoessa_macrura,Sterna_paradisaea
Vibilia_antarctica,Sterna_paradisaea
Electrona_antarctica,Sterna_vittata
Euphausia_superba,Sterna_vittata
Bacteria,Stylocordyla_borealis
Detritus,Stylocordyla_borealis
Phytoplankton,Stylocordyla_borealis
Bacillariophyta,Synoicum_adareanum
Bacteria,Synoicum_adareanum
Detritus,Synoicum_adareanum
Nanoplankton,Synoicum_adareanum
Bacillariophyta,Systenopora_contracta
Detritus,Systenopora_contracta
Nanoplankton,Systenopora_contracta
Detritus,Taeniogyrus_contortus
Phytoplankton,Taeniogyrus_contortus
Bacteria,Tetilla_leptoderma
Detritus,Tetilla_leptoderma
Phytoplankton,Tetilla_leptoderma
Amphipoda,Thalassoica_antarctica
Crustacea,Thalassoica_antarctica
Cyllopus_lucasii,Thalassoica_antarctica
Detritus,Thalassoica_antarctica
Electrona_antarctica,Thalassoica_antarctica
Euphausia_superba,Thalassoica_antarctica
Eurythenes_gryllus,Thalassoica_antarctica
Fish,Thalassoica_antarctica
Galiteuthis_glacialis,Thalassoica_antarctica
Gonatus_antarcticus,Thalassoica_antarctica
Gymnoscopelus_braueri,Thalassoica_antarctica
Gymnoscopelus_nicholsi,Thalassoica_antarctica
Gymnoscopelus_opisthopterus,Thalassoica_antarctica
Notocrangon_antarcticus,Thalassoica_antarctica
Notolepis_coatsi,Thalassoica_antarctica
Protomyctophum_bolini,Thalassoica_antarctica
Psychroteuthis_glacialis,Thalassoica_antarctica
Vibilia_antarctica,Thalassoica_antarctica
Vibilia_stebbingi,Thalassoica_antarctica
Bacillariophyta,Thysanoessa_macrura
Copepoda,Thysanoessa_macrura
Foraminifera,Thysanoessa_macrura
Phytoplankton,Thysanoessa_macrura
Pteropoda,Thysanoessa_macrura
Siphonophora,Thysanoessa_macrura
Tintinnidae,Thysanoessa_macrura
Zooplankton,Thysanoessa_macrura
Detritus,Trachythyone_parva
Amphipoda,Trematomus_bernacchii
Bryozoa,Trematomus_bernacchii
Copepoda,Trematomus_bernacchii
Crustacea,Trematomus_bernacchii
Cyllopus_lucasii,Trematomus_bernacchii
Echiurida,Trematomus_bernacchii
Epimeria_robusta,Trematomus_bernacchii
Fish,Trematomus_bernacchii
Gastropoda,Trematomus_bernacchii
Hydrozoa,Trematomus_bernacchii
Isopoda,Trematomus_bernacchii
Metridia_gerlachei,Trematomus_bernacchii
Ostracoda,Trematomus_bernacchii
Polychaeta,Trematomus_bernacchii
Sipunculida,Trematomus_bernacchii
Tanaidacea,Trematomus_bernacchii
Yoldia_eightsi,Trematomus_bernacchii
Zooplankton,Trematomus_bernacchii
Amphipoda,Trematomus_eulepidotus
Copepoda,Trematomus_eulepidotus
Crustacea,Trematomus_eulepidotus
Cyllopus_lucasii,Trematomus_eulepidotus
Epimeria_robusta,Trematomus_eulepidotus
Euchaeta_antarctica,Trematomus_eulepidotus
Euphausia_crystallorophias,Trematomus_eulepidotus
Euphausia_superba,Trematomus_eulepidotus
Fish,Trematomus_eulepidotus
Gastropoda,Trematomus_eulepidotus
Isopoda,Trematomus_eulepidotus
Metridia_gerlachei,Trematomus_eulepidotus
Mysida,Trematomus_eulepidotus
Oncaea_curvata,Trematomus_eulepidotus
Ostracoda,Trematomus_eulepidotus
Polychaeta,Trematomus_eulepidotus
Zooplankton,Trematomus_eulepidotus
Amphipoda,Trematomus_hansoni
Ceratoserolis_meridionalis,Trematomus_hansoni
Copepoda,Trematomus_hansoni
Cyllopus_lucasii,Trematomus_hansoni
Decapoda,Trematomus_hansoni
Euphausia_crystallorophias,Trematomus_hansoni
Euphausia_superba,Trematomus_hansoni
Fish,Trematomus_hansoni
Gastropoda,Trematomus_hansoni
Isopoda,Trematomus_hansoni
Metridia_gerlachei,Trematomus_hansoni
Neobuccinum_eatoni,Trematomus_hansoni
Pantopoda,Trematomus_hansoni
Pentanymphon_antarcticum,Trematomus_hansoni
Polychaeta,Trematomus_hansoni
Trematomus_eulepidotus,Trematomus_hansoni
Trematomus_pennellii,Trematomus_hansoni
Zooplankton,Trematomus_hansoni
Amphipoda,Trematomus_lepidorhinus 
Copepoda,Trematomus_lepidorhinus 
Crustacea,Trematomus_lepidorhinus 
Decapoda,Trematomus_lepidorhinus 
Epimeria_robusta,Trematomus_lepidorhinus 
Eunoe_spica,Trematomus_lepidorhinus 
Euphausia_crystallorophias,Trematomus_lepidorhinus 
Euphausia_superba,Trematomus_lepidorhinus 
Gastropoda,Trematomus_lepidorhinus 
Isopoda,Trematomus_lepidorhinus 
Laternula_elliptica,Trematomus_lepidorhinus 
Metridia_gerlachei,Trematomus_lepidorhinus 
Mysida,Trematomus_lepidorhinus 
Mysida,Trematomus_lepidorhinus 
Ostracoda,Trematomus_lepidorhinus 
Polychaeta,Trematomus_lepidorhinus 
Amphipoda,Trematomus_loennbergii
Bryozoa,Trematomus_loennbergii
Copepoda,Trematomus_loennbergii
Crustacea,Trematomus_loennbergii
Cumacea,Trematomus_loennbergii
Cyllopus_lucasii,Trematomus_loennbergii
Eukrohnia_hamata,Trematomus_loennbergii
Euphausia_crystallorophias,Trematomus_loennbergii
Euphausia_superba,Trematomus_loennbergii
Fish,Trematomus_loennbergii
Gastropoda,Trematomus_loennbergii
Isopoda,Trematomus_loennbergii
Mysida,Trematomus_loennbergii
Polychaeta,Trematomus_loennbergii
Pteropoda,Trematomus_loennbergii
Salpa_thompsoni,Trematomus_loennbergii
Amphipoda,Trematomus_nicolai
Calanoides_acutus,Trematomus_nicolai
Copepoda,Trematomus_nicolai
Crustacea,Trematomus_nicolai
Epimeria_robusta,Trematomus_nicolai
Euphausia_crystallorophias,Trematomus_nicolai
Euphausia_superba,Trematomus_nicolai
Gastropoda,Trematomus_nicolai
Isopoda,Trematomus_nicolai
Metridia_gerlachei,Trematomus_nicolai
Mysida,Trematomus_nicolai
Mysida,Trematomus_nicolai
Tanaidacea,Trematomus_nicolai
Aega_antarctica,Trematomus_pennellii
Amphipoda,Trematomus_pennellii
Anthozoa,Trematomus_pennellii
Bivalvia,Trematomus_pennellii
Ceratoserolis_meridionalis,Trematomus_pennellii
Copepoda,Trematomus_pennellii
Crustacea,Trematomus_pennellii
Cyllopus_lucasii,Trematomus_pennellii
Decapoda,Trematomus_pennellii
Epimeria_robusta,Trematomus_pennellii
Euphausia_crystallorophias,Trematomus_pennellii
Euphausia_superba,Trematomus_pennellii
Fish,Trematomus_pennellii
Gastropoda,Trematomus_pennellii
Glyptonotus_antarcticus,Trematomus_pennellii
Gnathia_calva,Trematomus_pennellii
Hydrozoa,Trematomus_pennellii
Isopoda,Trematomus_pennellii
Natatolana_obtusata,Trematomus_pennellii
Ostracoda,Trematomus_pennellii
Pentanymphon_antarcticum,Trematomus_pennellii
Polychaeta,Trematomus_pennellii
Tanaidacea,Trematomus_pennellii
Urticinopsis_antarctica,Trematomus_pennellii
Amphipoda,Trematomus_scotti
Calanoides_acutus,Trematomus_scotti
Calanus_propinquus,Trematomus_scotti
Copepoda,Trematomus_scotti
Crinoidea,Trematomus_scotti
Cumacea,Trematomus_scotti
Cyllopus_lucasii,Trematomus_scotti
Epimeria_robusta,Trematomus_scotti
Euchaeta_antarctica,Trematomus_scotti
Eunoe_hartmanae,Trematomus_scotti
Eunoe_spica,Trematomus_scotti
Euphausia_crystallorophias,Trematomus_scotti
Euphausia_superba,Trematomus_scotti
Gastropoda,Trematomus_scotti
Gnathia_calva,Trematomus_scotti
Hydrozoa,Trematomus_scotti
Isopoda,Trematomus_scotti
Metridia_gerlachei,Trematomus_scotti
Mysida,Trematomus_scotti
Natatolana_obtusata,Trematomus_scotti
Ostracoda,Trematomus_scotti
Pantopoda,Trematomus_scotti
Polychaeta,Trematomus_scotti
Tanaidacea,Trematomus_scotti
Zooplankton,Trematomus_scotti
Cephalodiscus_sp,Tritonia_antarctica
Sediment,Tritonia_antarctica
Ascidiacea,Tritoniella_belli
Bryozoa,Tritoniella_belli
Cephalodiscus_sp,Tritoniella_belli
Detritus,Tritoniella_belli
Porifera,Tritoniella_belli
Bivalvia,Trophon_longstaffi
Yoldia_eightsi,Trophon_longstaffi
Amphipoda,Tryphosella_murrayi
Crustacea,Tryphosella_murrayi
Dolloidraco_longedorsalis,Tryphosella_murrayi
Fish,Tryphosella_murrayi
Mysida,Tryphosella_murrayi
Copepoda,Tubularia_ralphii
Detritus,Tubularia_ralphii
Zooplankton,Tubularia_ralphii
Champsocephalus_gunnari,Tursiops_truncatus
Dissostichus_mawsoni,Tursiops_truncatus
Euphausiacea,Tursiops_truncatus
Fish,Tursiops_truncatus
Myctophidae,Tursiops_truncatus
Squid,Tursiops_truncatus
Amphipoda,Uristes_gigas
Bacillariophyta,Uristes_gigas
Crustacea,Uristes_gigas
Euphausiacea,Uristes_gigas
Porifera,Uristes_gigas
Asteroidea,Urticinopsis_antarctica
Diplasterias_brucei,Urticinopsis_antarctica
Echinoidea,Urticinopsis_antarctica
Odontaster_validus,Urticinopsis_antarctica
Perknaster_fuscus,Urticinopsis_antarctica
Sterechinus_neumayeri,Urticinopsis_antarctica
Bacillariophyta,Vaunthompsonia_inermis
Bacteria,Vaunthompsonia_inermis
Detritus,Vaunthompsonia_inermis
Sediment,Vaunthompsonia_inermis
Zooplankton,Vibilia_antarctica
Zooplankton,Vibilia_stebbingi
Amphipoda,Waldeckia_obesa
Cnidaria,Waldeckia_obesa
Crustacea,Waldeckia_obesa
Detritus,Waldeckia_obesa
Eurythenes_gryllus,Waldeckia_obesa
Holothuria_sp,Waldeckia_obesa
Hydrozoa,Waldeckia_obesa
Isopoda,Waldeckia_obesa
Necromass,Waldeckia_obesa
Ophiuroidea,Waldeckia_obesa
Polychaeta,Waldeckia_obesa
Porifera,Waldeckia_obesa
Bacillariophyta,Yoldia_eightsi
Detritus,Yoldia_eightsi
Detritus,Ypsilocucumis_turricata
Detritus,Holothuria_sp
Zooplankton,Copepoda
Phytoplankton,Porifera
Zooplankton,Cumacea
Zooplankton,Gastropoda
Detritus,Echinoidea
Phytoplankton,Clavularia_sp
Detritus,Asteroidea
Polychaeta,Fish
Detritus,Philobrya_sublaevis
Zooplankton,Limacina_helicina
Bacillariophyta,Euphausiacea
Porifera,Chiton
Copepoda,Myctophidae
Crustacea,Vampyroteuthis
Crustacea,Squid
Phytoplankton,Tanaidacea
Phytoplankton,Oncaea_sp
Phytoplankton,Brachiopoda
Zooplankton,Coelenterata
Detritus,Sipunculida
Limacina_helicina,Pteropoda
Phytoplankton,Polymastia_invaginata
Detritus,Echiurida
Detritus,Perknaster_fuscus
Phytoplankton,Oithona_sp
Phytoplankton,Decapoda
Bacillariophyta,Ophiacantha_sp
Bacillariophyta,Mysida
Detritus,Crinoidea
Zooplankton,Nototheniidae
Phytoplankton,Chaetognatha
Phytoplankton,Oncaea_curvata
Zooplankton,Champsocephalus_gunnari
Decapoda,Tubularia
Phytoplankton,Primno_macropa
Decapoda,Adamussium_colbecki
Decapoda,Scaphopoda
Zooplankton,Scyphozoa
Phytoplankton,SilicioZooplankton
Zooplankton,Siphonophora
Bacillariophyta,Ophiocten_sp
Phytoplankton,Actinaria
Phytoplankton,Anthozoa
Decapoda,Nemertini
Bacillariophyta,Ophiuroidea
Copepoda,Chionodraco_sp
Detritus,Bivalvia
Phytoplankton,Tintinnidae
Zooplankton,Cnidaria
Detritus,Ascidiacea
Detritus,Nematoda
Detritus,Pantopoda
Detritus,Amphipoda
Zooplankton,Ctenophora
Detritus,Isopoda
Detritus,Bryozoa
Phytoplankton,Zooplankton
Detritus,Ostracoda
Crustacea,Octopoda
Zooplankton,Hydrozoa
Zooplankton,Crustacea
Detritus,Polychaeta